{
    "newArrivals": [
        {
            "id": "1",
            "thumbnail": "/img/products/shop/1.jpg",
            "variants": [
                {
                    "id": "1",
                    "thumbnail": "/img/products/variants/1a.jpg"
                },
                {
                    "id": "2",
                    "thumbnail": "/img/products/variants/1b.jpg"
                },
                {
                    "id": "3",
                    "thumbnail": "/img/products/variants/1c.jpg"
                }
            ],
            "title": "Apple iPhone Retina 6s Plus 32GB",
            "vendor": "ROBERT’S STORE",
            "price": "640.00",
            "sale": "false",
            "categories": [
                {
                    "id": "1",
                    "value": "phone",
                    "name": "Phones & Accessories"
                }
            ],
            "brand": [
                {
                    "id": "1",
                    "value": "apple",
                    "text": "Apple"
                }
            ]
        },
        {
            "id": "2",
            "variants": [
                {
                    "id": "1",
                    "thumbnail": "/img/products/variants/1a.jpg"
                },
                {
                    "id": "2",
                    "thumbnail": "/img/products/variants/1b.jpg"
                },
                {
                    "id": "3",
                    "thumbnail": "/img/products/variants/1c.jpg"
                }
            ],
            "thumbnail": "/img/products/shop/1.jpg",
            "title": "Apple iPhone Retina 6s Plus 64GB",
            "vendor": "Young Shop",
            "price": "1150.00",
            "sale": "false",
            "categories": [
                {
                    "id": "1",
                    "value": "phone",
                    "name": "Phones & Accessories"
                }
            ],
            "brand": [
                {
                    "id": "1",
                    "value": "apple",
                    "text": "Apple"
                }
            ]
        },
        {
            "id": "3",
            "variants": [
                {
                    "id": "1",
                    "thumbnail": "/img/products/detail/fullwidth/1.jpg"
                },
                {
                    "id": "2",
                    "thumbnail": "/img/products/detail/fullwidth/2.jpg"
                },
                {
                    "id": "3",
                    "thumbnail": "/img/products/detail/fullwidth/3.jpg"
                }
            ],
            "thumbnail": "/img/products/shop/2.jpg",
            "title": "Marshall Kilburn Portable Wireless Speaker",
            "vendor": "Go Pro",
            "price": "42.99",
            "rating": true,
            "ratingCount": "5",
            "categories": [
                {
                    "id": "2",
                    "value": "electronic",
                    "name": "Consumer Electrics"
                }
            ],
            "brand": [
                {
                    "id": "2",
                    "value": "marshall",
                    "text": "Marshall"
                }
            ]
        },
        {
            "id": "4",
            "thumbnail": "/img/products/variants/4a.jpg",
            "variants": [
                {
                    "id": "1",
                    "thumbnail": "/img/products/variants/4a.jpg"
                },
                {
                    "id": "2",
                    "thumbnail": "/img/products/variants/4b.jpg"
                },
                {
                    "id": "3",
                    "thumbnail": "/img/products/variants/4c.jpg"
                },
                {
                    "id": "3",
                    "thumbnail": "/img/products/variants/4d.jpg"
                }
            ],
            "title": "Herschel Leather Duffle Bag In Brown Color",
            "vendor": "Go Pro",
            "price": "125.30",
            "rating": true,
            "ratingCount": "4",
            "categories": [
                {
                    "id": "3",
                    "value": "clothing",
                    "name": "Clothing & Apparel"
                }
            ],
            "brand": [
                {
                    "id": "3",
                    "value": "herschel",
                    "text": "Herschel"
                }
            ]
        },
        {
            "id": "5",
            "thumbnail": "/img/products/variants/5a.jpg",
            "variants": [
                {
                    "id": "1",
                    "thumbnail": "/img/products/variants/5a.jpg"
                },
                {
                    "id": "2",
                    "thumbnail": "/img/products/variants/5b.jpg"
                },
                {
                    "id": "3",
                    "thumbnail": "/img/products/variants/5c.jpg"
                },
                {
                    "id": "4",
                    "thumbnail": "/img/products/variants/5d.jpg"
                }
            ],
            "title": "Xbox One Wireless Controller Black Color",
            "vendor": "Global Office",
            "price": "55.99",
            "rating": true,
            "ratingCount": "5",
            "badge": [
                {
                    "type": "hot",
                    "value": "hot"
                }
            ],
            "categories": [
                {
                    "id": "4",
                    "value": "technologies",
                    "name": "Computers & Technologies"
                }
            ],
            "brand": [
                {
                    "id": "4",
                    "value": "microsoft",
                    "text": "Microsoft"
                }
            ]
        },
        {
            "id": "6",
            "thumbnail": "/img/products/shop/5.jpg",
            "variants": [
                {
                    "id": "1",
                    "thumbnail": "/img/products/shop/5.jpg"
                },
                {
                    "id": "2",
                    "thumbnail": "/img/products/variants/6a.jpg"
                }
            ],
            "title": "Grand Slam Indoor Of Show Jumping Novel",
            "vendor": "Robert's Store",
            "sale": true,
            "price": "32.99",
            "salePrice": "41.00",
            "rating": true,
            "ratingCount": "4",
            "badge": [
                {
                    "type": "sale",
                    "value": "-37%"
                }
            ],
            "categories": [
                {
                    "id": "5",
                    "value": "book",
                    "name": "Books & Office"
                }
            ],
            "brand": [
                {
                    "id": "4",
                    "value": "megasystem",
                    "text": "Mega System"
                }
            ]
        },
        {
            "id": "7",
            "thumbnail": "/img/products/shop/6.jpg",
            "variants": [
                {
                    "id": "1",
                    "thumbnail": "/img/products/variants/7a.jpg"
                },
                {
                    "id": "2",
                    "thumbnail": "/img/products/variants/7b.jpg"
                },
                {
                    "id": "3",
                    "thumbnail": "/img/products/variants/7c.jpg"
                },
                {
                    "id": "4",
                    "thumbnail": "/img/products/variants/7d.jpg"
                }
            ],
            "title": "Sound Intone I65 Earphone White Version",
            "vendor": "Youngshop",
            "sale": true,
            "price": "100.99",
            "salePrice": "106.00",
            "rating": true,
            "ratingCount": "5",
            "badge": [
                {
                    "type": "sale",
                    "value": "-5%"
                }
            ],
            "categories": [
                {
                    "id": "4",
                    "value": "technologies",
                    "name": "Computers & Technologies"
                }
            ],
            "brand": [
                {
                    "id": "6",
                    "value": "sony",
                    "text": "Sony"
                }
            ]
        },
        {
            "id": "8",
            "thumbnail": "/img/products/shop/7.jpg",
            "variants": [
                {
                    "id": "1",
                    "thumbnail": "/img/products/variants/8a.jpg"
                },
                {
                    "id": "2",
                    "thumbnail": "/img/products/variants/8b.jpg"
                },
                {
                    "id": "3",
                    "thumbnail": "/img/products/variants/8c.jpg"
                },
                {
                    "id": "4",
                    "thumbnail": "/img/products/variants/8d.jpg"
                }
            ],
            "title": "Korea Long Sofa Fabric In Blue Navy Color",
            "vendor": "Youngshop",
            "sale": true,
            "price": "567.80",
            "salePrice": "670.20",
            "rating": true,
            "ratingCount": "4",
            "badge": [
                {
                    "type": "sale",
                    "value": "-16%"
                }
            ],
            "categories": [
                {
                    "id": "6",
                    "value": "garden",
                    "name": "Garden & Kitchen"
                }
            ],
            "brand": [
                {
                    "id": "7",
                    "value": "flatfuniture",
                    "text": "Flat Funiture"
                }
            ]
        }
    ],
    "home_1_garden_kitchen": [
        {
            "id": "8",
            "thumbnail": "/img/products/shop/7.jpg",
            "variants": [
                {
                    "id": "1",
                    "thumbnail": "/img/products/variants/8a.jpg"
                },
                {
                    "id": "2",
                    "thumbnail": "/img/products/variants/8b.jpg"
                },
                {
                    "id": "3",
                    "thumbnail": "/img/products/variants/8c.jpg"
                },
                {
                    "id": "4",
                    "thumbnail": "/img/products/variants/8d.jpg"
                }
            ],
            "title": "Korea Long Sofa Fabric In Blue Navy Color",
            "vendor": "Youngshop",
            "sale": true,
            "price": "567.80",
            "salePrice": "670.20",
            "rating": true,
            "ratingCount": "4",
            "badge": [
                {
                    "type": "sale",
                    "value": "-16%"
                }
            ],
            "categories": [
                {
                    "id": "6",
                    "value": "garden",
                    "name": "Garden & Kitchen"
                }
            ],
            "brand": [
                {
                    "id": "7",
                    "value": "flatfuniture",
                    "text": "Flat Funiture"
                }
            ]
        },
        {
            "id": "26",
            "thumbnail": "/img/products/home/2.jpg",
            "variants": [
                {
                    "id": "1",
                    "thumbnail": "/img/products/variants/26a.jpg"
                },
                {
                    "id": "2",
                    "thumbnail": "/img/products/variants/26b.jpg"
                },
                {
                    "id": "3",
                    "thumbnail": "/img/products/variants/26c.jpg"
                },
                {
                    "id": "4",
                    "thumbnail": "/img/products/variants/26d.jpg"
                }
            ],
            "title": "Aroma Rice Cooker",
            "vendor": "Global Office",
            "sale": false,
            "price": "101.99",
            "rating": true,
            "ratingCount": "01",
            "badge": [
                {
                    "type": "outStock",
                    "value": "Out Of Stock"
                }
            ],
            "categories": [
                {
                    "id": "6",
                    "value": "garden",
                    "name": "Garden & Kitchen"
                }
            ],
            "brand": [
                {
                    "id": "10",
                    "value": "lg",
                    "text": "LG Electronics"
                }
            ]
        },
        {
            "id": "27",
            "thumbnail": "/img/products/home/3.jpg",
            "variants": [
                {
                    "id": "1",
                    "thumbnail": "/img/products/variants/27a.jpg"
                },
                {
                    "id": "2",
                    "thumbnail": "/img/products/variants/27b.jpg"
                },
                {
                    "id": "3",
                    "thumbnail": "/img/products/variants/27c.jpg"
                },
                {
                    "id": "4",
                    "thumbnail": "/img/products/variants/27d.jpg"
                }
            ],
            "title": "Simple Plastice Chair In White Color",
            "vendor": "Young Shop",
            "sale": true,
            "price": "42.00",
            "salePrice": "60.00",
            "rating": true,
            "ratingCount": "02",
            "badge": [
                {
                    "type": "sale",
                    "value": "-25%"
                }
            ],
            "categories": [
                {
                    "id": "6",
                    "value": "garden",
                    "name": "Garden & Kitchen"
                }
            ],
            "brand": [
                {
                    "id": "7",
                    "value": "flatfuniture",
                    "text": "Flat Funiture"
                }
            ]
        },
        {
            "id": "28",
            "thumbnail": "/img/products/home/4.jpg",
            "variants": [
                {
                    "id": "1",
                    "thumbnail": "/img/products/variants/28a.jpg"
                },
                {
                    "id": "2",
                    "thumbnail": "/img/products/variants/28b.jpg"
                },
                {
                    "id": "3",
                    "thumbnail": "/img/products/variants/28c.jpg"
                },
                {
                    "id": "4",
                    "thumbnail": "/img/products/variants/28d.jpg"
                }
            ],
            "title": "Korea Fabric Chair In Brown Colorr",
            "vendor": "Global Office",
            "sale": false,
            "price": "320.00",
            "rating": true,
            "ratingCount": "01",
            "badge": [
                {
                    "type": "outStock",
                    "value": "Out Of Stock"
                }
            ],
            "categories": [
                {
                    "id": "6",
                    "value": "garden",
                    "name": "Garden & Kitchen"
                }
            ],
            "brand": [
                {
                    "id": "7",
                    "value": "flatfuniture",
                    "text": "Flat Funiture"
                }
            ]
        },
        {
            "id": "29",
            "thumbnail": "/img/products/home/5.jpg",
            "variants": [
                {
                    "id": "1",
                    "thumbnail": "/img/products/variants/29a.jpg"
                },
                {
                    "id": "2",
                    "thumbnail": "/img/products/variants/29b.jpg"
                },
                {
                    "id": "3",
                    "thumbnail": "/img/products/variants/29c.jpg"
                },
                {
                    "id": "4",
                    "thumbnail": "/img/products/variants/29d.jpg"
                }
            ],
            "title": "Set 14-Piece Knife From KichiKit",
            "vendor": "Global Office",
            "sale": false,
            "price": "85.00",
            "rating": true,
            "ratingCount": "01",
            "badge": [
                {
                    "type": "outStock",
                    "value": "Out Of Stock"
                }
            ],
            "categories": [
                {
                    "id": "6",
                    "value": "garden",
                    "name": "Garden & Kitchen"
                }
            ],
            "brand": [
                {
                    "id": "7",
                    "value": "flatfuniture",
                    "text": "Flat Funiture"
                }
            ]
        },
        {
            "id": "30",
            "thumbnail": "/img/products/home/6.jpg",
            "variants": [
                {
                    "id": "1",
                    "thumbnail": "/img/products/variants/30a.jpg"
                },
                {
                    "id": "2",
                    "thumbnail": "/img/products/variants/30b.jpg"
                },
                {
                    "id": "3",
                    "thumbnail": "/img/products/variants/30c.jpg"
                },
                {
                    "id": "4",
                    "thumbnail": "/img/products/variants/30d.jpg"
                }
            ],
            "title": "Magic Bullet NutriBullet Pro 900 Series Blender",
            "vendor": "Global Store",
            "sale": false,
            "price": "92.00",
            "rating": true,
            "ratingCount": "01",
            "badge": [
                {
                    "type": "outStock",
                    "value": "Out Of Stock"
                }
            ],
            "categories": [
                {
                    "id": "6",
                    "value": "garden",
                    "name": "Garden & Kitchen"
                }
            ],
            "brand": [
                {
                    "id": "7",
                    "value": "flatfuniture",
                    "text": "Flat Funiture"
                }
            ]
        },
        {
            "id": "31",
            "thumbnail": "/img/products/home/7.jpg",
            "title": "Letter Printed Cushion Cover Cotton",
            "variants": [
                {
                    "id": "1",
                    "thumbnail": "/img/products/home/7.jpg"
                }
            ],
            "vendor": "Young Shop",
            "sale": true,
            "price": "42.00",
            "salePrice": "60.00",
            "rating": true,
            "ratingCount": "02",
            "badge": [
                {
                    "type": "sale",
                    "value": "-46%"
                }
            ],
            "categories": [
                {
                    "id": "6",
                    "value": "garden",
                    "name": "Garden & Kitchen"
                }
            ],
            "brand": [
                {
                    "id": "7",
                    "value": "flatfuniture",
                    "text": "Flat Funiture"
                }
            ]
        }
    ],
    "home_1_clothing": [
        {
            "id": "4",
            "thumbnail": "/img/products/variants/4a.jpg",
            "variants": [
                {
                    "id": "1",
                    "thumbnail": "/img/products/variants/4a.jpg"
                },
                {
                    "id": "2",
                    "thumbnail": "/img/products/variants/4b.jpg"
                },
                {
                    "id": "3",
                    "thumbnail": "/img/products/variants/4c.jpg"
                },
                {
                    "id": "3",
                    "thumbnail": "/img/products/variants/4d.jpg"
                }
            ],
            "title": "Herschel Leather Duffle Bag In Brown Color",
            "vendor": "Go Pro",
            "price": "125.30",
            "rating": true,
            "ratingCount": "4",
            "categories": [
                {
                    "id": "3",
                    "value": "clothing",
                    "name": "Clothing & Apparel"
                }
            ],
            "brand": [
                {
                    "id": "3",
                    "value": "herschel",
                    "text": "Herschel"
                }
            ]
        },
        {
            "id": "9",
            "thumbnail": "/img/products/shop/8.jpg",
            "variants": [
                {
                    "id": "1",
                    "thumbnail": "/img/products/variants/9a.jpg"
                },
                {
                    "id": "2",
                    "thumbnail": "/img/products/variants/9b.jpg"
                },
                {
                    "id": "3",
                    "thumbnail": "/img/products/variants/9c.jpg"
                },
                {
                    "id": "4",
                    "thumbnail": "/img/products/variants/9d.jpg"
                }
            ],
            "title": "Unero Military Classical Backpack",
            "vendor": "Young shop",
            "sale": true,
            "price": "35.89",
            "salePrice": "42.20",
            "rating": true,
            "ratingCount": "3",
            "badge": [
                {
                    "type": "sale",
                    "value": "-16%"
                }
            ],
            "categories": [
                {
                    "id": "3",
                    "value": "clothing",
                    "name": "Clothing & Apparel"
                }
            ],
            "brand": [
                {
                    "id": "3",
                    "value": "herschel",
                    "text": "Herschel"
                }
            ]
        },
        {
            "id": "10",
            "thumbnail": "/img/products/shop/9.jpg",
            "variants": [
                {
                    "id": "1",
                    "thumbnail": "/img/products/variants/10a.jpg"
                },
                {
                    "id": "2",
                    "thumbnail": "/img/products/variants/10b.jpg"
                },
                {
                    "id": "3",
                    "thumbnail": "/img/products/variants/10c.jpg"
                }
            ],
            "title": "Rayban Rounded Sunglass Brown Color",
            "vendor": "Young shop",
            "price": "35.89",
            "rating": true,
            "ratingCount": "5",
            "categories": [
                {
                    "id": "3",
                    "value": "clothing",
                    "name": "Clothing & Apparel"
                }
            ],
            "brand": [
                {
                    "id": "3",
                    "value": "herschel",
                    "text": "Herschel"
                }
            ]
        },
        {
            "id": "11",
            "thumbnail": "/img/products/shop/10.jpg",
            "variants": [
                {
                    "id": "1",
                    "thumbnail": "/img/products/variants/11a.jpg"
                },
                {
                    "id": "2",
                    "thumbnail": "/img/products/variants/11b.jpg"
                },
                {
                    "id": "3",
                    "thumbnail": "/img/products/variants/11c.jpg"
                },
                {
                    "id": "4",
                    "thumbnail": "/img/products/variants/11d.jpg"
                }
            ],
            "title": "Sleeve Linen Blend Caro Pane Shirt",
            "vendor": "Go Pro",
            "price": "29.39 ",
            "rating": true,
            "ratingCount": "4",
            "categories": [
                {
                    "id": "3",
                    "value": "clothing",
                    "name": "Clothing & Apparel"
                }
            ],
            "brand": [
                {
                    "id": "8",
                    "value": "gucci",
                    "text": "Gucci"
                }
            ]
        },
        {
            "id": "12",
            "thumbnail": "/img/products/shop/11.jpg",
            "variants": [
                {
                    "id": "1",
                    "thumbnail": "/img/products/variants/12a.jpg"
                },
                {
                    "id": "2",
                    "thumbnail": "/img/products/variants/12b.jpg"
                },
                {
                    "id": "3",
                    "thumbnail": "/img/products/variants/12c.jpg"
                }
            ],
            "title": "Men’s Sports Runnning Swim Board Shorts",
            "vendor": "Robert's Store",
            "price": "13.43",
            "rating": true,
            "ratingCount": "5",
            "categories": [
                {
                    "id": "3",
                    "value": "clothing",
                    "name": "Clothing & Apparel"
                }
            ],
            "brand": [
                {
                    "id": "8",
                    "value": "gucci",
                    "text": "Gucci"
                }
            ]
        },
        {
            "id": "13",
            "thumbnail": "/img/products/shop/12.jpg",
            "variants": [
                {
                    "id": "1",
                    "thumbnail": "/img/products/variants/13a.jpg"
                },
                {
                    "id": "2",
                    "thumbnail": "/img/products/variants/13b.jpg"
                },
                {
                    "id": "3",
                    "thumbnail": "/img/products/variants/13c.jpg"
                },
                {
                    "id": "4",
                    "thumbnail": "/img/products/variants/13d.jpg"
                }
            ],
            "title": "Paul’s Smith Sneaker InWhite Color",
            "vendor": "Global Office",
            "price": "75.44",
            "rating": true,
            "ratingCount": "4",
            "categories": [
                {
                    "id": "3",
                    "value": "clothing",
                    "name": "Clothing & Apparel"
                }
            ],
            "brand": [
                {
                    "id": "8",
                    "value": "gucci",
                    "text": "Gucci"
                }
            ]
        },
        {
            "id": "14",
            "thumbnail": "/img/products/shop/13.jpg",
            "variants": [
                {
                    "id": "1",
                    "thumbnail": "/img/products/variants/14a.jpg"
                },
                {
                    "id": "2",
                    "thumbnail": "/img/products/variants/14b.jpg"
                },
                {
                    "id": "3",
                    "thumbnail": "/img/products/variants/14c.jpg"
                }
            ],
            "title": "MVMTH Classical Leather Watch In Black",
            "vendor": "Young Shop",
            "sale": true,
            "price": "57.99",
            "salePrice": "62.99",
            "rating": true,
            "ratingCount": "5",
            "badge": [
                {
                    "type": "sale",
                    "value": "-7%"
                }
            ],
            "categories": [
                {
                    "id": "3",
                    "value": "clothing",
                    "name": "Clothing & Apparel"
                }
            ],
            "brand": [
                {
                    "id": "3",
                    "value": "herschel",
                    "text": "Herschel"
                }
            ]
        }
    ],
    "home_1_electronic": [
        {
                    "id": "3",
                    "variants": [
                        {
                            "id": "1",
                            "thumbnail": "/img/products/detail/fullwidth/1.jpg"
                        },
                        {
                            "id": "2",
                            "thumbnail": "/img/products/detail/fullwidth/2.jpg"
                        },
                        {
                            "id": "3",
                            "thumbnail": "/img/products/detail/fullwidth/3.jpg"
                        }
                    ],
                    "thumbnail": "/img/products/shop/2.jpg",
                    "title": "Marshall Kilburn Portable Wireless Speaker",
                    "vendor": "Go Pro",
                    "price": "42.99",
                    "rating": true,
                    "ratingCount": "5",
                    "categories": [
                        {
                            "id": "2",
                            "value": "electronic",
                            "name": "Consumer Electrics"
                        }
                    ],
                    "brand": [
                        {
                            "id": "2",
                            "value": "marshall",
                            "text": "Marshall"
                        }
                    ]
                },
        {
                    "id": "5",
                    "thumbnail": "/img/products/variants/5a.jpg",
                    "variants": [
                        {
                            "id": "1",
                            "thumbnail": "/img/products/variants/5a.jpg"
                        },
                        {
                            "id": "2",
                            "thumbnail": "/img/products/variants/5b.jpg"
                        },
                        {
                            "id": "3",
                            "thumbnail": "/img/products/variants/5c.jpg"
                        },
                        {
                            "id": "4",
                            "thumbnail": "/img/products/variants/5d.jpg"
                        }
                    ],
                    "title": "Xbox One Wireless Controller Black Color",
                    "vendor": "Global Office",
                    "price": "55.99",
                    "rating": true,
                    "ratingCount": "5",
                    "badge": [
                        {
                            "type": "hot",
                            "value": "hot"
                        }
                    ],
                    "categories": [
                        {
                            "id": "4",
                            "value": "technologies",
                            "name": "Computers & Technologies"
                        }
                    ],
                    "brand": [
                        {
                            "id": "4",
                            "value": "microsoft",
                            "text": "Microsoft"
                        }
                    ]
                },
        {
                    "id": "7",
                    "thumbnail": "/img/products/shop/6.jpg",
                    "variants": [
                        {
                            "id": "1",
                            "thumbnail": "/img/products/variants/7a.jpg"
                        },
                        {
                            "id": "2",
                            "thumbnail": "/img/products/variants/7b.jpg"
                        },
                        {
                            "id": "3",
                            "thumbnail": "/img/products/variants/7c.jpg"
                        },
                        {
                            "id": "4",
                            "thumbnail": "/img/products/variants/7d.jpg"
                        }
                    ],
                    "title": "Sound Intone I65 Earphone White Version",
                    "vendor": "Youngshop",
                    "sale": true,
                    "price": "100.99",
                    "salePrice": "106.00",
                    "rating": true,
                    "ratingCount": "5",
                    "badge": [
                        {
                            "type": "sale",
                            "value": "-5%"
                        }
                    ],
                    "categories": [
                        {
                            "id": "4",
                            "value": "technologies",
                            "name": "Computers & Technologies"
                        }
                    ],
                    "brand": [
                        {
                            "id": "6",
                            "value": "sony",
                            "text": "Sony"
                        }
                    ]
                },
        {
                    "id": "32",
                    "thumbnail": "/img/products/electronic/4.jpg",
                    "variants": [
                        {
                            "id": "1",
                            "thumbnail": "/img/products/variants/32a.jpg"
                        },
                        {
                            "id": "2",
                            "thumbnail": "/img/products/variants/32b.jpg"
                        },
                        {
                            "id": "3",
                            "thumbnail": "/img/products/variants/32c.jpg"
                        },
                        {
                            "id": "4",
                            "thumbnail": "/img/products/variants/32d.jpg"
                        }
                    ],
                    "title": "Samsung Gear VR Virtual Reality Headset",
                    "vendor": "Global Office",
                    "sale": false,
                    "price": "320.00",
                    "rating": true,
                    "ratingCount": "01",
                    "categories": [
                        {
                            "id": "4",
                            "value": "technologies",
                            "name": "Computers & Technologies"
                        }
                    ],
                    "brand": [
                        {
                            "id": "9",
                            "value": "samsung",
                            "text": "Samsung"
                        }
                    ]
                },
        {
                    "id": "18",
                    "thumbnail": "/img/products/shop/18.jpg",
                    "variants": [
                        {
                            "id": "1",
                            "thumbnail": "/img/products/variants/18a.jpg"
                        },
                        {
                            "id": "2",
                            "thumbnail": "/img/products/variants/18b.jpg"
                        },
                        {
                            "id": "3",
                            "thumbnail": "/img/products/variants/18c.jpg"
                        },
                        {
                            "id": "4",
                            "thumbnail": "/img/products/variants/18d.jpg"
                        }
                    ],
                    "title": "Samsung UHD TV 24inch",
                    "vendor": "Robert's Store",
                    "price": "599.00",
                    "rating": true,
                    "ratingCount": "4",
                    "categories": [
                        {
                            "id": "2",
                            "value": "electronic",
                            "name": "Consumer Electrics"
                        }
                    ],
                    "brand": [
                        {
                            "id": "9",
                            "value": "samsung",
                            "text": "Samsung"
                        }
                    ]
                },
        {
                    "id": "19",
                    "thumbnail": "/img/products/shop/19.jpg",
                    "variants": [
                        {
                            "id": "1",
                            "thumbnail": "/img/products/variants/19a.jpg"
                        },
                        {
                            "id": "2",
                            "thumbnail": "/img/products/variants/19b.jpg"
                        },
                        {
                            "id": "3",
                            "thumbnail": "/img/products/variants/19c.jpg"
                        },
                        {
                            "id": "4",
                            "thumbnail": "/img/products/variants/19d.jpg"
                        }
                    ],
                    "title": "EPSION Plaster Printer",
                    "vendor": "Robert's Store",
                    "price": "233.28",
                    "rating": true,
                    "ratingCount": "4",
                    "categories": [
                        {
                            "id": "2",
                            "value": "electronic",
                            "name": "Consumer Electrics"
                        }
                    ],
                    "brand": [
                        {
                            "id": "9",
                            "value": "samsung",
                            "text": "Samsung"
                        }
                    ]
                },
        {
                    "id": "21",
                    "thumbnail": "/img/products/shop/20.jpg",
                    "variants": [
                        {
                            "id": "1",
                            "thumbnail": "/img/products/variants/21a.jpg"
                        },
                        {
                            "id": "2",
                            "thumbnail": "/img/products/variants/21a.jpg"
                        }
                    ],
                    "title": "LG White Front Load Steam Washer",
                    "vendor": "Young Shop",
                    "sale": true,
                    "price": "1025.50",
                    "salePrice": "1422.70",
                    "rating": true,
                    "ratingCount": "5",
                    "badge": [
                        {
                            "type": "sale",
                            "value": "-28%"
                        }
                    ],
                    "categories": [
                        {
                            "id": "2",
                            "value": "electronic",
                            "name": "Consumer Electrics"
                        }
                    ],
                    "brand": [
                        {
                            "id": "10",
                            "value": "lg",
                            "text": "LG Electronics"
                        }
                    ]
                },
        {
                    "id": "22",
                    "thumbnail": "/img/products/shop/21.jpg",
                    "variants": [
                        {
                            "id": "1",
                            "thumbnail": "/img/products/variants/22a.jpg"
                        },
                        {
                            "id": "2",
                            "thumbnail": "/img/products/variants/22b.jpg"
                        },
                        {
                            "id": "3",
                            "thumbnail": "/img/products/variants/22c.jpg"
                        },
                        {
                            "id": "4",
                            "thumbnail": "/img/products/variants/22d.jpg"
                        }
                    ],
                    "title": "Edifier Powered Bookshelf Speakers",
                    "vendor": "Young Shop",
                    "sale": true,
                    "price": "85.00",
                    "rating": true,
                    "ratingCount": "5",
                    "categories": [
                        {
                            "id": "2",
                            "value": "electronic",
                            "name": "Consumer Electrics"
                        }
                    ],
                    "brand": [
                        {
                            "id": "2",
                            "value": "marshall",
                            "text": "Marshall"
                        }
                    ]
                },
        {
                    "id": "24",
                    "thumbnail": "/img/products/shop/22.jpg",
                    "variants": [
                        {
                            "id": "1",
                            "thumbnail": "/img/products/variants/24a.jpg"
                        },
                        {
                            "id": "2",
                            "thumbnail": "/img/products/variants/24b.jpg"
                        },
                        {
                            "id": "3",
                            "thumbnail": "/img/products/variants/24c.jpg"
                        },
                        {
                            "id": "4",
                            "thumbnail": "/img/products/variants/24d.jpg"
                        }
                    ],
                    "title": "Amcrest Security Camera in White Color",
                    "vendor": "Global Office",
                    "sale": true,
                    "price": "45.90",
                    "salePrice": "62.99",
                    "rating": true,
                    "ratingCount": "5",
                    "badge": [
                        {
                            "type": "sale",
                            "value": "-27%"
                        }
                    ],
                    "categories": [
                        {
                            "id": "4",
                            "value": "technologies",
                            "name": "Computers & Technologies"
                        }
                    ],
                    "brand": [
                        {
                            "id": "6",
                            "value": "sony",
                            "text": "Sony"
                        }
                    ]
                }
    ]
}
