{
    "relatedProduct": [
        {
            "id": 55,
            "title": "Baxter Care Hair Kit For Bearded Mens",
            "is_featured": false,
            "is_hot": false,
            "price": 60,
            "sale_price": 42,
            "vendor": "Young Shop",
            "review": 4,
            "is_out_of_stock": false,
            "depot": 70,
            "inventory": 80,
            "is_active": true,
            "is_sale": true,
            "created_at": "2020-03-15T13:35:28.855Z",
            "updated_at": "2020-03-15T13:35:28.855Z",
            "variants": [],
            "images": [
                {
                    "id": 213,
                    "name": "56a.jpg",
                    "alternativeText": null,
                    "caption": null,
                    "width": null,
                    "height": null,
                    "formats": null,
                    "hash": "1ca5fe0793e545669c16a8e7c7b68348",
                    "ext": ".jpg",
                    "mime": "image/jpeg",
                    "size": 58.88,
                    "url": "/uploads/1ca5fe0793e545669c16a8e7c7b68348.jpg",
                    "previewUrl": null,
                    "provider": "local",
                    "provider_metadata": null,
                    "created_at": "2020-03-15T13:35:28.889Z",
                    "updated_at": "2020-03-15T13:35:28.889Z"
                },
                {
                    "id": 214,
                    "name": "56b.jpg",
                    "alternativeText": null,
                    "caption": null,
                    "width": null,
                    "height": null,
                    "formats": null,
                    "hash": "2268da1843334f4c9e0757a16f0b8443",
                    "ext": ".jpg",
                    "mime": "image/jpeg",
                    "size": 11.12,
                    "url": "/uploads/2268da1843334f4c9e0757a16f0b8443.jpg",
                    "previewUrl": null,
                    "provider": "local",
                    "provider_metadata": null,
                    "created_at": "2020-03-15T13:35:28.898Z",
                    "updated_at": "2020-03-15T13:35:28.898Z"
                },
                {
                    "id": 215,
                    "name": "56c.jpg",
                    "alternativeText": null,
                    "caption": null,
                    "width": null,
                    "height": null,
                    "formats": null,
                    "hash": "d55cb74ae9d64a3a9d93ae4328b64475",
                    "ext": ".jpg",
                    "mime": "image/jpeg",
                    "size": 13.79,
                    "url": "/uploads/d55cb74ae9d64a3a9d93ae4328b64475.jpg",
                    "previewUrl": null,
                    "provider": "local",
                    "provider_metadata": null,
                    "created_at": "2020-03-15T13:35:28.905Z",
                    "updated_at": "2020-03-15T13:35:28.905Z"
                },
                {
                    "id": 216,
                    "name": "56d.jpg",
                    "alternativeText": null,
                    "caption": null,
                    "width": null,
                    "height": null,
                    "formats": null,
                    "hash": "aa96424c1a8743929d92003f1f3b92cd",
                    "ext": ".jpg",
                    "mime": "image/jpeg",
                    "size": 24.83,
                    "url": "/uploads/aa96424c1a8743929d92003f1f3b92cd.jpg",
                    "previewUrl": null,
                    "provider": "local",
                    "provider_metadata": null,
                    "created_at": "2020-03-15T13:35:28.913Z",
                    "updated_at": "2020-03-15T13:35:28.913Z"
                }
            ],
            "thumbnail": {
                "id": 212,
                "name": "3.jpg",
                "alternativeText": null,
                "caption": null,
                "width": null,
                "height": null,
                "formats": null,
                "hash": "ede2a4fddd3e439c87a0f471267b7838",
                "ext": ".jpg",
                "mime": "image/jpeg",
                "size": 10.03,
                "url": "/uploads/ede2a4fddd3e439c87a0f471267b7838.jpg",
                "previewUrl": null,
                "provider": "local",
                "provider_metadata": null,
                "created_at": "2020-03-15T13:35:28.879Z",
                "updated_at": "2020-03-15T13:35:28.879Z"
            },
            "product_categories": [
                {
                    "id": 4,
                    "name": "Health & Beauty",
                    "slug": "health-and-beauty",
                    "description": null,
                    "created_at": "2020-03-14T10:25:51.376Z",
                    "updated_at": "2020-03-14T10:25:51.376Z"
                }
            ],
            "brands": [
                {
                    "id": 14,
                    "name": "Unilever",
                    "description": null,
                    "slug": "unilever",
                    "created_at": "2020-03-14T10:33:14.118Z",
                    "updated_at": "2020-03-14T10:33:14.118Z"
                }
            ],
            "collections": []
        },
        {
            "id": 56,
            "title": "Anna Sui Putty Mask Perfection",
            "is_featured": false,
            "is_hot": false,
            "price": 25,
            "sale_price": null,
            "vendor": "Global Office",
            "review": 5,
            "is_out_of_stock": false,
            "depot": 70,
            "inventory": 80,
            "is_active": true,
            "is_sale": false,
            "created_at": "2020-03-15T13:37:05.467Z",
            "updated_at": "2020-03-15T13:37:05.467Z",
            "variants": [],
            "images": [
                {
                    "id": 218,
                    "name": "57a.jpg",
                    "alternativeText": null,
                    "caption": null,
                    "width": null,
                    "height": null,
                    "formats": null,
                    "hash": "56986b9145c7497dbd31243e9cb48f87",
                    "ext": ".jpg",
                    "mime": "image/jpeg",
                    "size": 53.69,
                    "url": "/uploads/56986b9145c7497dbd31243e9cb48f87.jpg",
                    "previewUrl": null,
                    "provider": "local",
                    "provider_metadata": null,
                    "created_at": "2020-03-15T13:37:05.508Z",
                    "updated_at": "2020-03-15T13:37:05.508Z"
                },
                {
                    "id": 219,
                    "name": "57b.jpg",
                    "alternativeText": null,
                    "caption": null,
                    "width": null,
                    "height": null,
                    "formats": null,
                    "hash": "6ba127ca71074b539221a949ef26e701",
                    "ext": ".jpg",
                    "mime": "image/jpeg",
                    "size": 21.12,
                    "url": "/uploads/6ba127ca71074b539221a949ef26e701.jpg",
                    "previewUrl": null,
                    "provider": "local",
                    "provider_metadata": null,
                    "created_at": "2020-03-15T13:37:05.520Z",
                    "updated_at": "2020-03-15T13:37:05.520Z"
                },
                {
                    "id": 220,
                    "name": "57c.jpg",
                    "alternativeText": null,
                    "caption": null,
                    "width": null,
                    "height": null,
                    "formats": null,
                    "hash": "c378fc8a90004701811b388ce195a957",
                    "ext": ".jpg",
                    "mime": "image/jpeg",
                    "size": 54.25,
                    "url": "/uploads/c378fc8a90004701811b388ce195a957.jpg",
                    "previewUrl": null,
                    "provider": "local",
                    "provider_metadata": null,
                    "created_at": "2020-03-15T13:37:05.528Z",
                    "updated_at": "2020-03-15T13:37:05.528Z"
                },
                {
                    "id": 221,
                    "name": "57d.jpg",
                    "alternativeText": null,
                    "caption": null,
                    "width": null,
                    "height": null,
                    "formats": null,
                    "hash": "2324c56372fc46998df8ce9f8a9cd847",
                    "ext": ".jpg",
                    "mime": "image/jpeg",
                    "size": 12.77,
                    "url": "/uploads/2324c56372fc46998df8ce9f8a9cd847.jpg",
                    "previewUrl": null,
                    "provider": "local",
                    "provider_metadata": null,
                    "created_at": "2020-03-15T13:37:05.537Z",
                    "updated_at": "2020-03-15T13:37:05.537Z"
                }
            ],
            "thumbnail": {
                "id": 217,
                "name": "4.jpg",
                "alternativeText": null,
                "caption": null,
                "width": null,
                "height": null,
                "formats": null,
                "hash": "9ccbc5e9220e4768921afcb101c10459",
                "ext": ".jpg",
                "mime": "image/jpeg",
                "size": 8.02,
                "url": "/uploads/9ccbc5e9220e4768921afcb101c10459.jpg",
                "previewUrl": null,
                "provider": "local",
                "provider_metadata": null,
                "created_at": "2020-03-15T13:37:05.487Z",
                "updated_at": "2020-03-15T13:37:05.487Z"
            },
            "product_categories": [
                {
                    "id": 4,
                    "name": "Health & Beauty",
                    "slug": "health-and-beauty",
                    "description": null,
                    "created_at": "2020-03-14T10:25:51.376Z",
                    "updated_at": "2020-03-14T10:25:51.376Z"
                }
            ],
            "brands": [
                {
                    "id": 14,
                    "name": "Unilever",
                    "description": null,
                    "slug": "unilever",
                    "created_at": "2020-03-14T10:33:14.118Z",
                    "updated_at": "2020-03-14T10:33:14.118Z"
                }
            ],
            "collections": [
                {
                    "id": 20,
                    "name": "Customer Bought Products",
                    "slug": "customer_bought",
                    "description": "Customer Bought Products",
                    "created_at": "2020-04-19T08:37:10.179Z",
                    "updated_at": "2020-04-19T08:37:10.179Z"
                }
            ]
        },
        {
            "id": 57,
            "title": "Set 30 Piece Korea StartSkin Natural Mask",
            "is_featured": false,
            "is_hot": false,
            "price": 85,
            "sale_price": null,
            "vendor": "Global Office",
            "review": 4,
            "is_out_of_stock": false,
            "depot": 70,
            "inventory": 80,
            "is_active": true,
            "is_sale": false,
            "created_at": "2020-03-15T14:26:12.340Z",
            "updated_at": "2020-03-15T14:26:12.340Z",
            "variants": [],
            "images": [
                {
                    "id": 223,
                    "name": "58a.jpg",
                    "alternativeText": null,
                    "caption": null,
                    "width": null,
                    "height": null,
                    "formats": null,
                    "hash": "cca7d31b5a85453ba4145a460f6c283b",
                    "ext": ".jpg",
                    "mime": "image/jpeg",
                    "size": 32.51,
                    "url": "/uploads/cca7d31b5a85453ba4145a460f6c283b.jpg",
                    "previewUrl": null,
                    "provider": "local",
                    "provider_metadata": null,
                    "created_at": "2020-03-15T14:26:12.368Z",
                    "updated_at": "2020-03-15T14:26:12.368Z"
                },
                {
                    "id": 224,
                    "name": "58b.jpg",
                    "alternativeText": null,
                    "caption": null,
                    "width": null,
                    "height": null,
                    "formats": null,
                    "hash": "5841d6e8f7104034935cd493547900ff",
                    "ext": ".jpg",
                    "mime": "image/jpeg",
                    "size": 13.31,
                    "url": "/uploads/5841d6e8f7104034935cd493547900ff.jpg",
                    "previewUrl": null,
                    "provider": "local",
                    "provider_metadata": null,
                    "created_at": "2020-03-15T14:26:12.377Z",
                    "updated_at": "2020-03-15T14:26:12.377Z"
                },
                {
                    "id": 225,
                    "name": "58c.jpg",
                    "alternativeText": null,
                    "caption": null,
                    "width": null,
                    "height": null,
                    "formats": null,
                    "hash": "537289a299f54d3b9ed8fc8763ee7b92",
                    "ext": ".jpg",
                    "mime": "image/jpeg",
                    "size": 33.19,
                    "url": "/uploads/537289a299f54d3b9ed8fc8763ee7b92.jpg",
                    "previewUrl": null,
                    "provider": "local",
                    "provider_metadata": null,
                    "created_at": "2020-03-15T14:26:12.394Z",
                    "updated_at": "2020-03-15T14:26:12.394Z"
                }
            ],
            "thumbnail": {
                "id": 222,
                "name": "5.jpg",
                "alternativeText": null,
                "caption": null,
                "width": null,
                "height": null,
                "formats": null,
                "hash": "46e9f0df98c74d03b9089b73d5cb2a57",
                "ext": ".jpg",
                "mime": "image/jpeg",
                "size": 6.48,
                "url": "/uploads/46e9f0df98c74d03b9089b73d5cb2a57.jpg",
                "previewUrl": null,
                "provider": "local",
                "provider_metadata": null,
                "created_at": "2020-03-15T14:26:12.359Z",
                "updated_at": "2020-03-15T14:26:12.359Z"
            },
            "product_categories": [
                {
                    "id": 4,
                    "name": "Health & Beauty",
                    "slug": "health-and-beauty",
                    "description": null,
                    "created_at": "2020-03-14T10:25:51.376Z",
                    "updated_at": "2020-03-14T10:25:51.376Z"
                }
            ],
            "brands": [
                {
                    "id": 14,
                    "name": "Unilever",
                    "description": null,
                    "slug": "unilever",
                    "created_at": "2020-03-14T10:33:14.118Z",
                    "updated_at": "2020-03-14T10:33:14.118Z"
                }
            ],
            "collections": []
        },
        {
            "id": 58,
            "title": "Ciate Palemore Lipstick Bold Red Color",
            "is_featured": false,
            "is_hot": false,
            "price": 92,
            "sale_price": null,
            "vendor": "Global Store",
            "review": 5,
            "is_out_of_stock": false,
            "depot": 80,
            "inventory": 90,
            "is_active": true,
            "is_sale": false,
            "created_at": "2020-03-15T14:27:51.518Z",
            "updated_at": "2020-03-15T14:27:51.518Z",
            "variants": [],
            "images": [
                {
                    "id": 227,
                    "name": "59a.jpg",
                    "alternativeText": null,
                    "caption": null,
                    "width": null,
                    "height": null,
                    "formats": null,
                    "hash": "918f66e8a4be4029863149bd4c163dd6",
                    "ext": ".jpg",
                    "mime": "image/jpeg",
                    "size": 68.14,
                    "url": "/uploads/918f66e8a4be4029863149bd4c163dd6.jpg",
                    "previewUrl": null,
                    "provider": "local",
                    "provider_metadata": null,
                    "created_at": "2020-03-15T14:27:51.550Z",
                    "updated_at": "2020-03-15T14:27:51.550Z"
                },
                {
                    "id": 228,
                    "name": "59b.jpg",
                    "alternativeText": null,
                    "caption": null,
                    "width": null,
                    "height": null,
                    "formats": null,
                    "hash": "ed4f0cbafb9149138d06bfb72b458893",
                    "ext": ".jpg",
                    "mime": "image/jpeg",
                    "size": 17.37,
                    "url": "/uploads/ed4f0cbafb9149138d06bfb72b458893.jpg",
                    "previewUrl": null,
                    "provider": "local",
                    "provider_metadata": null,
                    "created_at": "2020-03-15T14:27:51.564Z",
                    "updated_at": "2020-03-15T14:27:51.564Z"
                },
                {
                    "id": 229,
                    "name": "59c.jpg",
                    "alternativeText": null,
                    "caption": null,
                    "width": null,
                    "height": null,
                    "formats": null,
                    "hash": "5ba79ea8093645c480eebe7b5083e483",
                    "ext": ".jpg",
                    "mime": "image/jpeg",
                    "size": 48.51,
                    "url": "/uploads/5ba79ea8093645c480eebe7b5083e483.jpg",
                    "previewUrl": null,
                    "provider": "local",
                    "provider_metadata": null,
                    "created_at": "2020-03-15T14:27:51.572Z",
                    "updated_at": "2020-03-15T14:27:51.572Z"
                },
                {
                    "id": 230,
                    "name": "59d.jpg",
                    "alternativeText": null,
                    "caption": null,
                    "width": null,
                    "height": null,
                    "formats": null,
                    "hash": "9c1da7c5f0314c36ae1977c5b6caecab",
                    "ext": ".jpg",
                    "mime": "image/jpeg",
                    "size": 16.61,
                    "url": "/uploads/9c1da7c5f0314c36ae1977c5b6caecab.jpg",
                    "previewUrl": null,
                    "provider": "local",
                    "provider_metadata": null,
                    "created_at": "2020-03-15T14:27:51.580Z",
                    "updated_at": "2020-03-15T14:27:51.580Z"
                }
            ],
            "thumbnail": {
                "id": 226,
                "name": "6.jpg",
                "alternativeText": null,
                "caption": null,
                "width": null,
                "height": null,
                "formats": null,
                "hash": "240695414ed64690878e38d7494d4592",
                "ext": ".jpg",
                "mime": "image/jpeg",
                "size": 7.04,
                "url": "/uploads/240695414ed64690878e38d7494d4592.jpg",
                "previewUrl": null,
                "provider": "local",
                "provider_metadata": null,
                "created_at": "2020-03-15T14:27:51.539Z",
                "updated_at": "2020-03-15T14:27:51.539Z"
            },
            "product_categories": [
                {
                    "id": 4,
                    "name": "Health & Beauty",
                    "slug": "health-and-beauty",
                    "description": null,
                    "created_at": "2020-03-14T10:25:51.376Z",
                    "updated_at": "2020-03-14T10:25:51.376Z"
                }
            ],
            "brands": [
                {
                    "id": 14,
                    "name": "Unilever",
                    "description": null,
                    "slug": "unilever",
                    "created_at": "2020-03-14T10:33:14.118Z",
                    "updated_at": "2020-03-14T10:33:14.118Z"
                }
            ],
            "collections": []
        },
        {
            "id": 59,
            "title": "Apple iPhone X 256GB T-Mobile – Black",
            "is_featured": false,
            "is_hot": false,
            "price": 1893,
            "sale_price": 1389.99,
            "vendor": "Global Store",
            "review": 5,
            "is_out_of_stock": false,
            "depot": 70,
            "inventory": 80,
            "is_active": true,
            "is_sale": true,
            "created_at": "2020-03-15T18:22:07.656Z",
            "updated_at": "2020-03-15T18:22:07.656Z",
            "variants": [],
            "images": [
                {
                    "id": 232,
                    "name": "1a.jpg",
                    "alternativeText": null,
                    "caption": null,
                    "width": null,
                    "height": null,
                    "formats": null,
                    "hash": "addf8765d842420f8ad5f31c9cc6049c",
                    "ext": ".jpg",
                    "mime": "image/jpeg",
                    "size": 8.78,
                    "url": "/uploads/addf8765d842420f8ad5f31c9cc6049c.jpg",
                    "previewUrl": null,
                    "provider": "local",
                    "provider_metadata": null,
                    "created_at": "2020-03-15T18:22:07.688Z",
                    "updated_at": "2020-03-15T18:22:07.688Z"
                },
                {
                    "id": 233,
                    "name": "1b.jpg",
                    "alternativeText": null,
                    "caption": null,
                    "width": null,
                    "height": null,
                    "formats": null,
                    "hash": "91f9481dda1b43059807e01c4d3d0831",
                    "ext": ".jpg",
                    "mime": "image/jpeg",
                    "size": 4.5,
                    "url": "/uploads/91f9481dda1b43059807e01c4d3d0831.jpg",
                    "previewUrl": null,
                    "provider": "local",
                    "provider_metadata": null,
                    "created_at": "2020-03-15T18:22:07.697Z",
                    "updated_at": "2020-03-15T18:22:07.697Z"
                },
                {
                    "id": 234,
                    "name": "1c.jpg",
                    "alternativeText": null,
                    "caption": null,
                    "width": null,
                    "height": null,
                    "formats": null,
                    "hash": "faeb5485d91a4772a0215d19f234a12e",
                    "ext": ".jpg",
                    "mime": "image/jpeg",
                    "size": 10.88,
                    "url": "/uploads/faeb5485d91a4772a0215d19f234a12e.jpg",
                    "previewUrl": null,
                    "provider": "local",
                    "provider_metadata": null,
                    "created_at": "2020-03-15T18:22:07.708Z",
                    "updated_at": "2020-03-15T18:22:07.708Z"
                }
            ],
            "thumbnail": {
                "id": 231,
                "name": "1.jpg",
                "alternativeText": null,
                "caption": null,
                "width": null,
                "height": null,
                "formats": null,
                "hash": "b9afa9cf7f8c4ba6a6564db68f2ce90f",
                "ext": ".jpg",
                "mime": "image/jpeg",
                "size": 7.35,
                "url": "/uploads/b9afa9cf7f8c4ba6a6564db68f2ce90f.jpg",
                "previewUrl": null,
                "provider": "local",
                "provider_metadata": null,
                "created_at": "2020-03-15T18:22:07.676Z",
                "updated_at": "2020-03-15T18:22:07.676Z"
            },
            "product_categories": [
                {
                    "id": 7,
                    "name": "Phones & Accessories",
                    "slug": "phones-and-accessories",
                    "description": null,
                    "created_at": "2020-03-14T10:26:54.185Z",
                    "updated_at": "2020-03-14T10:26:54.185Z"
                }
            ],
            "brands": [
                {
                    "id": 1,
                    "name": "Apple",
                    "description": "",
                    "slug": "apple",
                    "created_at": "2020-03-14T10:30:03.468Z",
                    "updated_at": "2020-03-14T10:30:31.584Z"
                }
            ],
            "collections": []
        },
        {
            "id": 60,
            "title": "Apple iPhone 7 Plus 128 GB – Red Color",
            "is_featured": false,
            "is_hot": false,
            "price": 893,
            "sale_price": 820.99,
            "vendor": "Global Office",
            "review": 4,
            "is_out_of_stock": false,
            "depot": 70,
            "inventory": 80,
            "is_active": true,
            "is_sale": true,
            "created_at": "2020-03-18T04:27:45.620Z",
            "updated_at": "2020-03-18T04:27:45.620Z",
            "variants": [],
            "images": [
                {
                    "id": 236,
                    "name": "1a.jpg",
                    "alternativeText": null,
                    "caption": null,
                    "width": null,
                    "height": null,
                    "formats": null,
                    "hash": "8683d4e9c40f4c3bb003123ad3b3233a",
                    "ext": ".jpg",
                    "mime": "image/jpeg",
                    "size": 8.78,
                    "url": "/uploads/8683d4e9c40f4c3bb003123ad3b3233a.jpg",
                    "previewUrl": null,
                    "provider": "local",
                    "provider_metadata": null,
                    "created_at": "2020-03-18T04:27:45.663Z",
                    "updated_at": "2020-03-18T04:27:45.663Z"
                },
                {
                    "id": 237,
                    "name": "1b.jpg",
                    "alternativeText": null,
                    "caption": null,
                    "width": null,
                    "height": null,
                    "formats": null,
                    "hash": "ef8b92ddea1649d7a708b82b94e1547d",
                    "ext": ".jpg",
                    "mime": "image/jpeg",
                    "size": 4.5,
                    "url": "/uploads/ef8b92ddea1649d7a708b82b94e1547d.jpg",
                    "previewUrl": null,
                    "provider": "local",
                    "provider_metadata": null,
                    "created_at": "2020-03-18T04:27:45.676Z",
                    "updated_at": "2020-03-18T04:27:45.676Z"
                },
                {
                    "id": 238,
                    "name": "1c.jpg",
                    "alternativeText": null,
                    "caption": null,
                    "width": null,
                    "height": null,
                    "formats": null,
                    "hash": "7c4bc2eb18aa467bb5ac730b51a1ca5b",
                    "ext": ".jpg",
                    "mime": "image/jpeg",
                    "size": 10.88,
                    "url": "/uploads/7c4bc2eb18aa467bb5ac730b51a1ca5b.jpg",
                    "previewUrl": null,
                    "provider": "local",
                    "provider_metadata": null,
                    "created_at": "2020-03-18T04:27:45.688Z",
                    "updated_at": "2020-03-18T04:27:45.688Z"
                }
            ],
            "thumbnail": {
                "id": 235,
                "name": "2.jpg",
                "alternativeText": null,
                "caption": null,
                "width": null,
                "height": null,
                "formats": null,
                "hash": "490bd709c0be4545b29121b244ff4516",
                "ext": ".jpg",
                "mime": "image/jpeg",
                "size": 6.91,
                "url": "/uploads/490bd709c0be4545b29121b244ff4516.jpg",
                "previewUrl": null,
                "provider": "local",
                "provider_metadata": null,
                "created_at": "2020-03-18T04:27:45.648Z",
                "updated_at": "2020-03-18T04:27:45.648Z"
            },
            "product_categories": [
                {
                    "id": 7,
                    "name": "Phones & Accessories",
                    "slug": "phones-and-accessories",
                    "description": null,
                    "created_at": "2020-03-14T10:26:54.185Z",
                    "updated_at": "2020-03-14T10:26:54.185Z"
                }
            ],
            "brands": [
                {
                    "id": 1,
                    "name": "Apple",
                    "description": "",
                    "slug": "apple",
                    "created_at": "2020-03-14T10:30:03.468Z",
                    "updated_at": "2020-03-14T10:30:31.584Z"
                }
            ],
            "collections": [
                {
                    "id": 13,
                    "name": "Technology Good Price",
                    "slug": "technology_good_price",
                    "description": "Technology Good Price Products",
                    "created_at": "2020-04-18T06:46:54.898Z",
                    "updated_at": "2020-04-18T06:46:54.898Z"
                }
            ]
        },
        {
            "id": 61,
            "title": "Apple MacBook Air Retina 13.3-Inch Laptop",
            "is_featured": false,
            "is_hot": false,
            "price": 1120,
            "sale_price": 1020.99,
            "vendor": "Global Office",
            "review": 4,
            "is_out_of_stock": false,
            "depot": 60,
            "inventory": 70,
            "is_active": true,
            "is_sale": true,
            "created_at": "2020-03-18T04:29:19.122Z",
            "updated_at": "2020-03-18T04:29:19.122Z",
            "variants": [],
            "images": [
                {
                    "id": 240,
                    "name": "3.jpg",
                    "alternativeText": null,
                    "caption": null,
                    "width": null,
                    "height": null,
                    "formats": null,
                    "hash": "6323ba741e89407abde3c2b813a7b958",
                    "ext": ".jpg",
                    "mime": "image/jpeg",
                    "size": 7.53,
                    "url": "/uploads/6323ba741e89407abde3c2b813a7b958.jpg",
                    "previewUrl": null,
                    "provider": "local",
                    "provider_metadata": null,
                    "created_at": "2020-03-18T04:29:19.153Z",
                    "updated_at": "2020-03-18T04:29:19.153Z"
                }
            ],
            "thumbnail": {
                "id": 239,
                "name": "3.jpg",
                "alternativeText": null,
                "caption": null,
                "width": null,
                "height": null,
                "formats": null,
                "hash": "a4dc298d307e401c9f829d269a9a97a4",
                "ext": ".jpg",
                "mime": "image/jpeg",
                "size": 7.53,
                "url": "/uploads/a4dc298d307e401c9f829d269a9a97a4.jpg",
                "previewUrl": null,
                "provider": "local",
                "provider_metadata": null,
                "created_at": "2020-03-18T04:29:19.140Z",
                "updated_at": "2020-03-18T04:29:19.140Z"
            },
            "product_categories": [
                {
                    "id": 5,
                    "name": "Computers & Technologies",
                    "slug": "computers-and-technologies",
                    "description": null,
                    "created_at": "2020-03-14T10:26:11.462Z",
                    "updated_at": "2020-03-14T10:26:11.462Z"
                }
            ],
            "brands": [
                {
                    "id": 1,
                    "name": "Apple",
                    "description": "",
                    "slug": "apple",
                    "created_at": "2020-03-14T10:30:03.468Z",
                    "updated_at": "2020-03-14T10:30:31.584Z"
                }
            ],
            "collections": [
                {
                    "id": 13,
                    "name": "Technology Good Price",
                    "slug": "technology_good_price",
                    "description": "Technology Good Price Products",
                    "created_at": "2020-04-18T06:46:54.898Z",
                    "updated_at": "2020-04-18T06:46:54.898Z"
                },
                {
                    "id": 15,
                    "name": "Electronics Computer & Technology",
                    "slug": "electronic_computer_technology",
                    "description": "Electronics Computer & Technology Products",
                    "created_at": "2020-04-18T07:23:51.233Z",
                    "updated_at": "2020-04-18T07:23:51.233Z"
                }
            ]
        },
        {
            "id": 62,
            "title": "Bose Bluetooth & Wireless Speaker 2.0 – Blue",
            "is_featured": false,
            "is_hot": false,
            "price": 52,
            "sale_price": 42.99,
            "vendor": "Global Office",
            "review": 5,
            "is_out_of_stock": false,
            "depot": 70,
            "inventory": 80,
            "is_active": true,
            "is_sale": true,
            "created_at": "2020-03-18T04:30:54.482Z",
            "updated_at": "2020-03-18T13:01:00.867Z",
            "variants": [],
            "images": [
                {
                    "id": 242,
                    "name": "5.jpg",
                    "alternativeText": null,
                    "caption": null,
                    "width": null,
                    "height": null,
                    "formats": null,
                    "hash": "93520be3babb4815897ec8461acc93cd",
                    "ext": ".jpg",
                    "mime": "image/jpeg",
                    "size": 18.57,
                    "url": "/uploads/93520be3babb4815897ec8461acc93cd.jpg",
                    "previewUrl": null,
                    "provider": "local",
                    "provider_metadata": null,
                    "created_at": "2020-03-18T04:30:54.568Z",
                    "updated_at": "2020-03-18T04:30:54.568Z"
                }
            ],
            "thumbnail": {
                "id": 241,
                "name": "5.jpg",
                "alternativeText": null,
                "caption": null,
                "width": null,
                "height": null,
                "formats": null,
                "hash": "7afb7aceb3ec46d5ad9e783843b4abdd",
                "ext": ".jpg",
                "mime": "image/jpeg",
                "size": 18.57,
                "url": "/uploads/7afb7aceb3ec46d5ad9e783843b4abdd.jpg",
                "previewUrl": null,
                "provider": "local",
                "provider_metadata": null,
                "created_at": "2020-03-18T04:30:54.550Z",
                "updated_at": "2020-03-18T04:30:54.550Z"
            },
            "product_categories": [],
            "brands": [],
            "collections": []
        }
    ],
    "sample": {
        "id": 10,
        "title": "Rayban Rounded Sunglass Brown Color",
        "is_featured": false,
        "is_hot": false,
        "price": 35.89,
        "sale_price": null,
        "vendor": "Young shop",
        "review": 5,
        "is_out_of_stock": false,
        "depot": 50,
        "inventory": 60,
        "is_active": true,
        "is_sale": false,
        "created_at": "2020-03-15T06:20:39.867Z",
        "updated_at": "2020-03-15T06:20:39.867Z",
        "variants": [],
        "images": [
            {
                "id": 42,
                "name": "10a.jpg",
                "alternativeText": null,
                "caption": null,
                "width": null,
                "height": null,
                "formats": null,
                "hash": "0208616a8daa44cbb20f12eaebf8de53",
                "ext": ".jpg",
                "mime": "image/jpeg",
                "size": 21.67,
                "url": "/uploads/0208616a8daa44cbb20f12eaebf8de53.jpg",
                "previewUrl": null,
                "provider": "local",
                "provider_metadata": null,
                "created_at": "2020-03-15T06:20:39.908Z",
                "updated_at": "2020-03-15T06:20:39.908Z"
            },
            {
                "id": 43,
                "name": "10b.jpg",
                "alternativeText": null,
                "caption": null,
                "width": null,
                "height": null,
                "formats": null,
                "hash": "cba8c25fcf0d41d1aac41f05d8f7ad8e",
                "ext": ".jpg",
                "mime": "image/jpeg",
                "size": 20.16,
                "url": "/uploads/cba8c25fcf0d41d1aac41f05d8f7ad8e.jpg",
                "previewUrl": null,
                "provider": "local",
                "provider_metadata": null,
                "created_at": "2020-03-15T06:20:39.925Z",
                "updated_at": "2020-03-15T06:20:39.925Z"
            },
            {
                "id": 44,
                "name": "10c.jpg",
                "alternativeText": null,
                "caption": null,
                "width": null,
                "height": null,
                "formats": null,
                "hash": "f8f22b0f8be04b559439dd7e7a4b9631",
                "ext": ".jpg",
                "mime": "image/jpeg",
                "size": 14.77,
                "url": "/uploads/f8f22b0f8be04b559439dd7e7a4b9631.jpg",
                "previewUrl": null,
                "provider": "local",
                "provider_metadata": null,
                "created_at": "2020-03-15T06:20:39.935Z",
                "updated_at": "2020-03-15T06:20:39.935Z"
            }
        ],
        "thumbnail": {
            "id": 41,
            "name": "9.jpg",
            "alternativeText": null,
            "caption": null,
            "width": null,
            "height": null,
            "formats": null,
            "hash": "0f04c128bb2945608bed459cdff45b2d",
            "ext": ".jpg",
            "mime": "image/jpeg",
            "size": 4.7,
            "url": "/uploads/0f04c128bb2945608bed459cdff45b2d.jpg",
            "previewUrl": null,
            "provider": "local",
            "provider_metadata": null,
            "created_at": "2020-03-15T06:20:39.893Z",
            "updated_at": "2020-03-15T06:20:39.893Z"
        },
        "product_categories": [
            {
                "id": 1,
                "name": "Clothing & Apparel",
                "slug": "clothing-and-parel",
                "description": null,
                "created_at": "2020-03-14T10:24:42.894Z",
                "updated_at": "2020-04-17T08:41:15.412Z"
            }
        ],
        "brands": [
            {
                "id": 8,
                "name": "Gucci",
                "description": null,
                "slug": "gucci",
                "created_at": "2020-03-14T10:32:29.669Z",
                "updated_at": "2020-03-14T10:32:29.669Z"
            }
        ],
        "collections": [
            {
                "id": 6,
                "name": "Shop Recommend Items",
                "slug": "shop-recommend-items",
                "description": null,
                "created_at": "2020-04-05T05:37:37.071Z",
                "updated_at": "2020-04-05T05:37:49.638Z"
            },
            {
                "id": 3,
                "name": "Clothings",
                "slug": "clothings",
                "description": "Home 1 Clothings",
                "created_at": "2020-04-01T05:58:07.982Z",
                "updated_at": "2020-04-12T12:47:56.368Z"
            }
        ]
    },
    "countdown": {
        "id": 8,
        "title": "Korea Long Sofa Fabric In Blue Navy Color",
        "is_featured": false,
        "is_hot": false,
        "price": 670.2,
        "sale_price": 567.8,
        "vendor": "Youngshop",
        "review": 4,
        "is_out_of_stock": false,
        "depot": 85,
        "inventory": 79,
        "is_active": true,
        "is_sale": true,
        "created_at": "2020-03-15T06:15:55.939Z",
        "updated_at": "2020-03-15T06:15:55.939Z",
        "variants": [],
        "images": [
            {
                "id": 32,
                "name": "8a.jpg",
                "alternativeText": null,
                "caption": null,
                "width": null,
                "height": null,
                "formats": null,
                "hash": "caafb8f05561484a97923b235d2603f7",
                "ext": ".jpg",
                "mime": "image/jpeg",
                "size": 20.75,
                "url": "/uploads/caafb8f05561484a97923b235d2603f7.jpg",
                "previewUrl": null,
                "provider": "local",
                "provider_metadata": null,
                "created_at": "2020-03-15T06:15:56.021Z",
                "updated_at": "2020-03-15T06:15:56.021Z"
            },
            {
                "id": 33,
                "name": "8b.jpg",
                "alternativeText": null,
                "caption": null,
                "width": null,
                "height": null,
                "formats": null,
                "hash": "ea26eeafaa1747b5857ee73c93430261",
                "ext": ".jpg",
                "mime": "image/jpeg",
                "size": 26.42,
                "url": "/uploads/ea26eeafaa1747b5857ee73c93430261.jpg",
                "previewUrl": null,
                "provider": "local",
                "provider_metadata": null,
                "created_at": "2020-03-15T06:15:56.038Z",
                "updated_at": "2020-03-15T06:15:56.038Z"
            },
            {
                "id": 34,
                "name": "8c.jpg",
                "alternativeText": null,
                "caption": null,
                "width": null,
                "height": null,
                "formats": null,
                "hash": "97b54a32f4864342bc485c7929de6366",
                "ext": ".jpg",
                "mime": "image/jpeg",
                "size": 19.04,
                "url": "/uploads/97b54a32f4864342bc485c7929de6366.jpg",
                "previewUrl": null,
                "provider": "local",
                "provider_metadata": null,
                "created_at": "2020-03-15T06:15:56.047Z",
                "updated_at": "2020-03-15T06:15:56.047Z"
            },
            {
                "id": 35,
                "name": "8d.jpg",
                "alternativeText": null,
                "caption": null,
                "width": null,
                "height": null,
                "formats": null,
                "hash": "210d685d19f84c8b9e5de231176b4cf2",
                "ext": ".jpg",
                "mime": "image/jpeg",
                "size": 155.83,
                "url": "/uploads/210d685d19f84c8b9e5de231176b4cf2.jpg",
                "previewUrl": null,
                "provider": "local",
                "provider_metadata": null,
                "created_at": "2020-03-15T06:15:56.057Z",
                "updated_at": "2020-03-15T06:15:56.057Z"
            }
        ],
        "thumbnail": {
            "id": 31,
            "name": "7.jpg",
            "alternativeText": null,
            "caption": null,
            "width": null,
            "height": null,
            "formats": null,
            "hash": "04ec8d58423647c98d6dbd3544c1c355",
            "ext": ".jpg",
            "mime": "image/jpeg",
            "size": 3.63,
            "url": "/uploads/04ec8d58423647c98d6dbd3544c1c355.jpg",
            "previewUrl": null,
            "provider": "local",
            "provider_metadata": null,
            "created_at": "2020-03-15T06:15:55.999Z",
            "updated_at": "2020-03-15T06:15:55.999Z"
        },
        "product_categories": [
            {
                "id": 2,
                "name": "Garden & Kitchen",
                "slug": "garden-and-kitchen",
                "description": null,
                "created_at": "2020-03-14T10:25:21.611Z",
                "updated_at": "2020-03-14T10:25:21.611Z"
            }
        ],
        "brands": [
            {
                "id": 7,
                "name": "Flat Funiture",
                "description": null,
                "slug": "flatfuniture",
                "created_at": "2020-03-14T10:32:23.182Z",
                "updated_at": "2020-03-14T10:32:23.182Z"
            }
        ],
        "collections": [
            {
                "id": 5,
                "name": "Shop Best Seller Items",
                "slug": "shop_best_sale_items",
                "description": null,
                "created_at": "2020-04-04T17:12:55.930Z",
                "updated_at": "2020-04-12T12:47:31.929Z"
            },
            {
                "id": 10,
                "name": "Deal Of the Day ",
                "slug": "deal_of_the_day",
                "description": "Home 1 Deal of the day section",
                "created_at": "2020-04-12T12:40:55.908Z",
                "updated_at": "2020-04-12T12:40:55.908Z"
            },
            {
                "id": 4,
                "name": "Home, Garden & Kitchen",
                "slug": "garden_and_kitchen",
                "description": "Home 1 Garden And Kitchen",
                "created_at": "2020-04-01T05:58:42.991Z",
                "updated_at": "2020-04-14T11:32:43.475Z"
            },
            {
                "id": 18,
                "name": "Furniture Trending Products",
                "slug": "furniture_trending_products",
                "description": "Furniture Trending Products",
                "created_at": "2020-04-18T08:18:04.880Z",
                "updated_at": "2020-04-18T08:18:04.880Z"
            },
            {
                "id": 9,
                "name": "New Arrivals Products",
                "slug": "new_arrivals_products",
                "description": "New Arrivals Products",
                "created_at": "2020-04-12T06:36:23.687Z",
                "updated_at": "2020-04-14T12:07:12.421Z"
            }
        ]
    },
    "extended": {
        "id": 3,
        "title": "Marshall Kilburn Portable Wireless Speaker",
        "is_featured": false,
        "is_hot": false,
        "price": 42.99,
        "sale_price": null,
        "vendor": "Go Pro",
        "review": 5,
        "is_out_of_stock": false,
        "depot": 85,
        "inventory": 100,
        "is_active": true,
        "is_sale": false,
        "created_at": "2020-03-15T05:55:19.349Z",
        "updated_at": "2020-03-15T05:55:19.349Z",
        "variants": [],
        "images": [
            {
                "id": 10,
                "name": "1.jpg",
                "alternativeText": null,
                "caption": null,
                "width": null,
                "height": null,
                "formats": null,
                "hash": "3398b7a330154c9390db4495b9e3d413",
                "ext": ".jpg",
                "mime": "image/jpeg",
                "size": 158.75,
                "url": "/uploads/3398b7a330154c9390db4495b9e3d413.jpg",
                "previewUrl": null,
                "provider": "local",
                "provider_metadata": null,
                "created_at": "2020-03-15T05:55:19.403Z",
                "updated_at": "2020-03-15T05:55:19.403Z"
            },
            {
                "id": 11,
                "name": "2.jpg",
                "alternativeText": null,
                "caption": null,
                "width": null,
                "height": null,
                "formats": null,
                "hash": "73b00542e06e4d008945bc701959472b",
                "ext": ".jpg",
                "mime": "image/jpeg",
                "size": 44.03,
                "url": "/uploads/73b00542e06e4d008945bc701959472b.jpg",
                "previewUrl": null,
                "provider": "local",
                "provider_metadata": null,
                "created_at": "2020-03-15T05:55:19.415Z",
                "updated_at": "2020-03-15T05:55:19.415Z"
            },
            {
                "id": 12,
                "name": "3.jpg",
                "alternativeText": null,
                "caption": null,
                "width": null,
                "height": null,
                "formats": null,
                "hash": "f0647af5998446e1a6a1906996014a0a",
                "ext": ".jpg",
                "mime": "image/jpeg",
                "size": 69.23,
                "url": "/uploads/f0647af5998446e1a6a1906996014a0a.jpg",
                "previewUrl": null,
                "provider": "local",
                "provider_metadata": null,
                "created_at": "2020-03-15T05:55:19.425Z",
                "updated_at": "2020-03-15T05:55:19.425Z"
            }
        ],
        "thumbnail": {
            "id": 9,
            "name": "2.jpg",
            "alternativeText": null,
            "caption": null,
            "width": null,
            "height": null,
            "formats": null,
            "hash": "feaeaa8c5d24474e943f57a7df55e921",
            "ext": ".jpg",
            "mime": "image/jpeg",
            "size": 15.15,
            "url": "/uploads/feaeaa8c5d24474e943f57a7df55e921.jpg",
            "previewUrl": null,
            "provider": "local",
            "provider_metadata": null,
            "created_at": "2020-03-15T05:55:19.385Z",
            "updated_at": "2020-03-15T05:55:19.385Z"
        },
        "product_categories": [
            {
                "id": 3,
                "name": "Consumer Electrics",
                "slug": "consumer-electrics",
                "description": null,
                "created_at": "2020-03-14T10:25:39.408Z",
                "updated_at": "2020-03-14T10:25:39.408Z"
            }
        ],
        "brands": [
            {
                "id": 2,
                "name": "Marshall",
                "description": null,
                "slug": "marshall",
                "created_at": "2020-03-14T10:31:31.138Z",
                "updated_at": "2020-03-14T10:31:31.138Z"
            }
        ],
        "collections": [
            {
                "id": 6,
                "name": "Shop Recommend Items",
                "slug": "shop-recommend-items",
                "description": null,
                "created_at": "2020-04-05T05:37:37.071Z",
                "updated_at": "2020-04-05T05:37:49.638Z"
            },
            {
                "id": 7,
                "name": "Top Deals Super Hot Today",
                "slug": "shop_top_deal_super_hot_today",
                "description": null,
                "created_at": "2020-04-12T06:34:11.408Z",
                "updated_at": "2020-04-12T06:48:38.472Z"
            },
            {
                "id": 9,
                "name": "New Arrivals Products",
                "slug": "new_arrivals_products",
                "description": "New Arrivals Products",
                "created_at": "2020-04-12T06:36:23.687Z",
                "updated_at": "2020-04-14T12:07:12.421Z"
            },
            {
                "id": 20,
                "name": "Customer Bought Products",
                "slug": "customer_bought",
                "description": "Customer Bought Products",
                "created_at": "2020-04-19T08:37:10.179Z",
                "updated_at": "2020-04-19T08:37:10.179Z"
            },
            {
                "id": 21,
                "name": "Widget Same Brand",
                "slug": "widget_same_brand",
                "description": "Widget Same Brand Products",
                "created_at": "2020-04-19T09:36:13.121Z",
                "updated_at": "2020-04-19T09:36:13.121Z"
            }
        ]
    },
    "gropped": {
        "id": 22,
        "title": "Edifier Powered Bookshelf Speakers",
        "is_featured": false,
        "is_hot": false,
        "price": 96,
        "sale_price": 85,
        "vendor": "Young Shop",
        "review": 5,
        "is_out_of_stock": false,
        "depot": 50,
        "inventory": 65,
        "is_active": true,
        "is_sale": true,
        "created_at": "2020-03-15T06:57:47.163Z",
        "updated_at": "2020-03-15T06:57:47.163Z",
        "variants": [],
        "images": [
            {
                "id": 98,
                "name": "22a.jpg",
                "alternativeText": null,
                "caption": null,
                "width": null,
                "height": null,
                "formats": null,
                "hash": "8781ca71d80847979441fe7dc8b94fa9",
                "ext": ".jpg",
                "mime": "image/jpeg",
                "size": 68.23,
                "url": "/uploads/8781ca71d80847979441fe7dc8b94fa9.jpg",
                "previewUrl": null,
                "provider": "local",
                "provider_metadata": null,
                "created_at": "2020-03-15T06:57:47.213Z",
                "updated_at": "2020-03-15T06:57:47.213Z"
            },
            {
                "id": 99,
                "name": "22b.jpg",
                "alternativeText": null,
                "caption": null,
                "width": null,
                "height": null,
                "formats": null,
                "hash": "bde411ee582c4c86812e06dd5252c188",
                "ext": ".jpg",
                "mime": "image/jpeg",
                "size": 24.46,
                "url": "/uploads/bde411ee582c4c86812e06dd5252c188.jpg",
                "previewUrl": null,
                "provider": "local",
                "provider_metadata": null,
                "created_at": "2020-03-15T06:57:47.230Z",
                "updated_at": "2020-03-15T06:57:47.230Z"
            },
            {
                "id": 100,
                "name": "22c.jpg",
                "alternativeText": null,
                "caption": null,
                "width": null,
                "height": null,
                "formats": null,
                "hash": "f2a178431d59495791d2030dc6900304",
                "ext": ".jpg",
                "mime": "image/jpeg",
                "size": 38.11,
                "url": "/uploads/f2a178431d59495791d2030dc6900304.jpg",
                "previewUrl": null,
                "provider": "local",
                "provider_metadata": null,
                "created_at": "2020-03-15T06:57:47.237Z",
                "updated_at": "2020-03-15T06:57:47.237Z"
            },
            {
                "id": 101,
                "name": "22d.jpg",
                "alternativeText": null,
                "caption": null,
                "width": null,
                "height": null,
                "formats": null,
                "hash": "2bb3160bbb234b93b2210ff505090e87",
                "ext": ".jpg",
                "mime": "image/jpeg",
                "size": 18.81,
                "url": "/uploads/2bb3160bbb234b93b2210ff505090e87.jpg",
                "previewUrl": null,
                "provider": "local",
                "provider_metadata": null,
                "created_at": "2020-03-15T06:57:47.245Z",
                "updated_at": "2020-03-15T06:57:47.245Z"
            }
        ],
        "thumbnail": {
            "id": 97,
            "name": "21.jpg",
            "alternativeText": null,
            "caption": null,
            "width": null,
            "height": null,
            "formats": null,
            "hash": "51a0ff71f98649af8b17284ed14f955d",
            "ext": ".jpg",
            "mime": "image/jpeg",
            "size": 10,
            "url": "/uploads/51a0ff71f98649af8b17284ed14f955d.jpg",
            "previewUrl": null,
            "provider": "local",
            "provider_metadata": null,
            "created_at": "2020-03-15T06:57:47.203Z",
            "updated_at": "2020-03-15T06:57:47.203Z"
        },
        "product_categories": [
            {
                "id": 7,
                "name": "Phones & Accessories",
                "slug": "phones-and-accessories",
                "description": null,
                "created_at": "2020-03-14T10:26:54.185Z",
                "updated_at": "2020-03-14T10:26:54.185Z"
            }
        ],
        "brands": [
            {
                "id": 2,
                "name": "Marshall",
                "description": null,
                "slug": "marshall",
                "created_at": "2020-03-14T10:31:31.138Z",
                "updated_at": "2020-03-14T10:31:31.138Z"
            }
        ],
        "collections": [
            {
                "id": 7,
                "name": "Top Deals Super Hot Today",
                "slug": "shop_top_deal_super_hot_today",
                "description": null,
                "created_at": "2020-04-12T06:34:11.408Z",
                "updated_at": "2020-04-12T06:48:38.472Z"
            },
            {
                "id": 10,
                "name": "Deal Of the Day ",
                "slug": "deal_of_the_day",
                "description": "Home 1 Deal of the day section",
                "created_at": "2020-04-12T12:40:55.908Z",
                "updated_at": "2020-04-12T12:40:55.908Z"
            }
        ]
    }
}
