{
    "data": [
        {
            "id": 1,
            "thumbnail": "/img/product/blank.png",
            "name": "Nut - Pine Nuts, Whole",
            "type": "variable",
            "status": "private",
            "feature": true,
            "sku": "PRDH-4318",
            "price": 250.56,
            "sale_price": 84.84,
            "on_sale": false,
            "description": "Integer ac leo. Pellentesque ultrices mattis odio. Donec vitae nisi.\n\nNam ultrices, libero non mattis pulvinar, nulla pede ullamcorper augue, a suscipit nulla elit ac nulla. Sed vel enim sit amet nunc viverra dapibus. Nulla suscipit ligula in lacus.",
            "dimensions": [{ "length": 4.4, "width": 4.3 }],
            "categories": [{ "id": 1, "name": "Shoes" }]
        },
        {
            "id": 2,
            "thumbnail": "/img/product/blank.png",
            "name": "Beer - Camerons Cream Ale",
            "type": "external",
            "status": "pending",
            "feature": true,
            "sku": "PRDH-5952",
            "price": 48.84,
            "sale_price": 47.83,
            "on_sale": false,
            "description": "Maecenas tristique, est et tempus semper, est quam pharetra magna, ac consequat metus sapien ut nunc. Vestibulum ante ipsum primis in faucibus orci luctus et ultrices posuere cubilia Curae; Mauris viverra diam vitae quam. Suspendisse potenti.",
            "dimensions": [{ "length": 2.9, "width": 2.0 }],
            "categories": [
                { "id": 1, "name": "Shoes" },
                { "id": 2, "name": "Women" },
                { "id": 3, "name": "Men" }
            ]
        },
        {
            "id": 3,
            "thumbnail": "/img/product/blank.png",
            "name": "Mop Head - Cotton, 24 Oz",
            "type": "simple",
            "status": "publish",
            "feature": false,
            "sku": "PRDH-8018",
            "price": 185.08,
            "sale_price": 207.19,
            "on_sale": false,
            "description": "Duis bibendum, felis sed interdum venenatis, turpis enim blandit mi, in porttitor pede justo eu massa. Donec dapibus. Duis at velit eu est congue elementum.",
            "dimensions": [{ "length": 4.1, "width": 4.3 }],
            "categories": [
                { "id": 1, "name": "Shoes" },
                { "id": 2, "name": "Women" },
                { "id": 3, "name": "Men" }
            ]
        },
        {
            "id": 4,
            "thumbnail": "/img/product/blank.png",
            "name": "Tart Shells - Barquettes, Savory",
            "type": "external",
            "status": "pending",
            "feature": false,
            "sku": "PRDH-3661",
            "price": 290.26,
            "sale_price": 103.43,
            "on_sale": true,
            "description": "Cras mi pede, malesuada in, imperdiet et, commodo vulputate, justo. In blandit ultrices enim. Lorem ipsum dolor sit amet, consectetuer adipiscing elit.\n\nProin interdum mauris non ligula pellentesque ultrices. Phasellus id sapien in sapien iaculis congue. Vivamus metus arcu, adipiscing molestie, hendrerit at, vulputate vitae, nisl.",
            "dimensions": [{ "length": 4.2, "width": 2.5 }],
            "categories": [
                { "id": 1, "name": "Shoes" },
                { "id": 2, "name": "Women" }
            ]
        },
        {
            "id": 5,
            "thumbnail": "/img/product/blank.png",
            "name": "Octopus - Baby, Cleaned",
            "type": "variable",
            "status": "pending",
            "feature": true,
            "sku": "PRDH-9172",
            "price": 110.68,
            "sale_price": 203.02,
            "on_sale": false,
            "description": "Cras non velit nec nisi vulputate nonummy. Maecenas tincidunt lacus at velit. Vivamus vel nulla eget eros elementum pellentesque.",
            "dimensions": [{ "length": 4.7, "width": 1.1 }],
            "categories": [
                { "id": 1, "name": "Shoes" },
                { "id": 2, "name": "Women" },
                { "id": 3, "name": "Men" }
            ]
        },
        {
            "id": 6,
            "thumbnail": "/img/product/blank.png",
            "name": "Sauce - Gravy, Au Jus, Mix",
            "type": "variable",
            "status": "pending",
            "feature": true,
            "sku": "PRDH-8807",
            "price": 38.59,
            "sale_price": 142.64,
            "on_sale": false,
            "description": "Sed sagittis. Nam congue, risus semper porta volutpat, quam pede lobortis ligula, sit amet eleifend pede libero quis orci. Nullam molestie nibh in lectus.",
            "dimensions": [{ "length": 5.0, "width": 3.0 }],
            "categories": [{ "id": 1, "name": "Shoes" }]
        },
        {
            "id": 7,
            "thumbnail": "/img/product/blank.png",
            "name": "Star Fruit",
            "type": "external",
            "status": "draft",
            "feature": true,
            "sku": "PRDH-1311",
            "price": 82.68,
            "sale_price": 93.3,
            "on_sale": false,
            "description": "Duis bibendum. Morbi non quam nec dui luctus rutrum. Nulla tellus.\n\nIn sagittis dui vel nisl. Duis ac nibh. Fusce lacus purus, aliquet at, feugiat non, pretium quis, lectus.",
            "dimensions": [{ "length": 3.4, "width": 4.1 }],
            "categories": [
                { "id": 1, "name": "Shoes" },
                { "id": 2, "name": "Women" },
                { "id": 3, "name": "Men" }
            ]
        },
        {
            "id": 8,
            "thumbnail": "/img/product/blank.png",
            "name": "Wine - Red, Gallo, Merlot",
            "type": "external",
            "status": "publish",
            "feature": false,
            "sku": "PRDH-7530",
            "price": 122.44,
            "sale_price": 45.9,
            "on_sale": false,
            "description": "Etiam vel augue. Vestibulum rutrum rutrum neque. Aenean auctor gravida sem.\n\nPraesent id massa id nisl venenatis lacinia. Aenean sit amet justo. Morbi ut odio.\n\nCras mi pede, malesuada in, imperdiet et, commodo vulputate, justo. In blandit ultrices enim. Lorem ipsum dolor sit amet, consectetuer adipiscing elit.",
            "dimensions": [{ "length": 4.5, "width": 4.3 }],
            "categories": [
                { "id": 1, "name": "Shoes" },
                { "id": 2, "name": "Women" }
            ]
        },
        {
            "id": 9,
            "thumbnail": "/img/product/blank.png",
            "name": "Noodles - Steamed Chow Mein",
            "type": "external",
            "status": "private",
            "feature": true,
            "sku": "PRDH-6307",
            "price": 216.84,
            "sale_price": 277.98,
            "on_sale": true,
            "description": "Quisque id justo sit amet sapien dignissim vestibulum. Vestibulum ante ipsum primis in faucibus orci luctus et ultrices posuere cubilia Curae; Nulla dapibus dolor vel est. Donec odio justo, sollicitudin ut, suscipit a, feugiat et, eros.",
            "dimensions": [{ "length": 4.6, "width": 1.2 }],
            "categories": [{ "id": 1, "name": "Shoes" }]
        },
        {
            "id": 10,
            "thumbnail": "/img/product/blank.png",
            "name": "Apple - Delicious, Red",
            "type": "simple",
            "status": "pending",
            "feature": true,
            "sku": "PRDH-6965",
            "price": 155.4,
            "sale_price": 222.96,
            "on_sale": false,
            "description": "Nullam sit amet turpis elementum ligula vehicula consequat. Morbi a ipsum. Integer a nibh.",
            "dimensions": [{ "length": 1.2, "width": 5.0 }],
            "categories": [{ "id": 1, "name": "Shoes" }]
        },
        {
            "id": 11,
            "thumbnail": "/img/product/blank.png",
            "name": "Sauce - Soya, Light",
            "type": "variable",
            "status": "draft",
            "feature": false,
            "sku": "PRDH-1100",
            "price": 177.5,
            "sale_price": 50.54,
            "on_sale": false,
            "description": "Duis bibendum, felis sed interdum venenatis, turpis enim blandit mi, in porttitor pede justo eu massa. Donec dapibus. Duis at velit eu est congue elementum.",
            "dimensions": [{ "length": 3.5, "width": 3.5 }],
            "categories": [
                { "id": 1, "name": "Shoes" },
                { "id": 2, "name": "Women" }
            ]
        },
        {
            "id": 12,
            "thumbnail": "/img/product/blank.png",
            "name": "Eggroll",
            "type": "grouped",
            "status": "publish",
            "feature": true,
            "sku": "PRDH-2039",
            "price": 100.78,
            "sale_price": 288.52,
            "on_sale": true,
            "description": "In hac habitasse platea dictumst. Morbi vestibulum, velit id pretium iaculis, diam erat fermentum justo, nec condimentum neque sapien placerat ante. Nulla justo.\n\nAliquam quis turpis eget elit sodales scelerisque. Mauris sit amet eros. Suspendisse accumsan tortor quis turpis.\n\nSed ante. Vivamus tortor. Duis mattis egestas metus.",
            "dimensions": [{ "length": 2.9, "width": 4.5 }],
            "categories": [
                { "id": 1, "name": "Shoes" },
                { "id": 2, "name": "Women" },
                { "id": 3, "name": "Men" }
            ]
        },
        {
            "id": 13,
            "thumbnail": "/img/product/blank.png",
            "name": "Soup - Canadian Pea, Dry Mix",
            "type": "grouped",
            "status": "private",
            "feature": true,
            "sku": "PRDH-9379",
            "price": 152.24,
            "sale_price": 274.45,
            "on_sale": false,
            "description": "Cras mi pede, malesuada in, imperdiet et, commodo vulputate, justo. In blandit ultrices enim. Lorem ipsum dolor sit amet, consectetuer adipiscing elit.\n\nProin interdum mauris non ligula pellentesque ultrices. Phasellus id sapien in sapien iaculis congue. Vivamus metus arcu, adipiscing molestie, hendrerit at, vulputate vitae, nisl.\n\nAenean lectus. Pellentesque eget nunc. Donec quis orci eget orci vehicula condimentum.",
            "dimensions": [{ "length": 2.1, "width": 2.2 }],
            "categories": [
                { "id": 1, "name": "Shoes" },
                { "id": 2, "name": "Women" }
            ]
        },
        {
            "id": 14,
            "thumbnail": "/img/product/blank.png",
            "name": "Halibut - Steaks",
            "type": "grouped",
            "status": "draft",
            "feature": true,
            "sku": "PRDH-6144",
            "price": 72.78,
            "sale_price": 252.3,
            "on_sale": false,
            "description": "Vestibulum quam sapien, varius ut, blandit non, interdum in, ante. Vestibulum ante ipsum primis in faucibus orci luctus et ultrices posuere cubilia Curae; Duis faucibus accumsan odio. Curabitur convallis.",
            "dimensions": [{ "length": 1.7, "width": 2.4 }],
            "categories": [
                { "id": 1, "name": "Shoes" },
                { "id": 2, "name": "Women" },
                { "id": 3, "name": "Men" }
            ]
        },
        {
            "id": 15,
            "thumbnail": "/img/product/blank.png",
            "name": "Coriander - Ground",
            "type": "grouped",
            "status": "publish",
            "feature": true,
            "sku": "PRDH-1810",
            "price": 189.08,
            "sale_price": 24.85,
            "on_sale": false,
            "description": "Quisque porta volutpat erat. Quisque erat eros, viverra eget, congue eget, semper rutrum, nulla. Nunc purus.\n\nPhasellus in felis. Donec semper sapien a libero. Nam dui.",
            "dimensions": [{ "length": 2.3, "width": 2.9 }],
            "categories": [
                { "id": 1, "name": "Shoes" },
                { "id": 2, "name": "Women" },
                { "id": 3, "name": "Men" }
            ]
        },
        {
            "id": 16,
            "thumbnail": "/img/product/blank.png",
            "name": "Soup - French Onion",
            "type": "simple",
            "status": "draft",
            "feature": false,
            "sku": "PRDH-6187",
            "price": 64.43,
            "sale_price": 189.86,
            "on_sale": true,
            "description": "Vestibulum ac est lacinia nisi venenatis tristique. Fusce congue, diam id ornare imperdiet, sapien urna pretium nisl, ut volutpat sapien arcu sed augue. Aliquam erat volutpat.\n\nIn congue. Etiam justo. Etiam pretium iaculis justo.",
            "dimensions": [{ "length": 1.6, "width": 2.7 }],
            "categories": [{ "id": 1, "name": "Shoes" }]
        },
        {
            "id": 17,
            "thumbnail": "/img/product/blank.png",
            "name": "Seabream Whole Farmed",
            "type": "external",
            "status": "publish",
            "feature": false,
            "sku": "PRDH-6739",
            "price": 181.97,
            "sale_price": 235.17,
            "on_sale": false,
            "description": "Quisque porta volutpat erat. Quisque erat eros, viverra eget, congue eget, semper rutrum, nulla. Nunc purus.",
            "dimensions": [{ "length": 1.1, "width": 1.0 }],
            "categories": [
                { "id": 1, "name": "Shoes" },
                { "id": 2, "name": "Women" }
            ]
        },
        {
            "id": 18,
            "thumbnail": "/img/product/blank.png",
            "name": "Shrimp - 16 - 20 Cooked, Peeled",
            "type": "grouped",
            "status": "private",
            "feature": true,
            "sku": "PRDH-949",
            "price": 277.47,
            "sale_price": 124.52,
            "on_sale": false,
            "description": "Integer ac leo. Pellentesque ultrices mattis odio. Donec vitae nisi.\n\nNam ultrices, libero non mattis pulvinar, nulla pede ullamcorper augue, a suscipit nulla elit ac nulla. Sed vel enim sit amet nunc viverra dapibus. Nulla suscipit ligula in lacus.\n\nCurabitur at ipsum ac tellus semper interdum. Mauris ullamcorper purus sit amet nulla. Quisque arcu libero, rutrum ac, lobortis vel, dapibus at, diam.",
            "dimensions": [{ "length": 1.0, "width": 4.8 }],
            "categories": [
                { "id": 1, "name": "Shoes" },
                { "id": 2, "name": "Women" }
            ]
        },
        {
            "id": 19,
            "thumbnail": "/img/product/blank.png",
            "name": "Muffin - Mix - Bran And Maple 15l",
            "type": "external",
            "status": "draft",
            "feature": true,
            "sku": "PRDH-3498",
            "price": 292.17,
            "sale_price": 245.26,
            "on_sale": true,
            "description": "Maecenas ut massa quis augue luctus tincidunt. Nulla mollis molestie lorem. Quisque ut erat.\n\nCurabitur gravida nisi at nibh. In hac habitasse platea dictumst. Aliquam augue quam, sollicitudin vitae, consectetuer eget, rutrum at, lorem.\n\nInteger tincidunt ante vel ipsum. Praesent blandit lacinia erat. Vestibulum sed magna at nunc commodo placerat.",
            "dimensions": [{ "length": 3.6, "width": 2.5 }],
            "categories": [
                { "id": 1, "name": "Shoes" },
                { "id": 2, "name": "Women" },
                { "id": 3, "name": "Men" }
            ]
        },
        {
            "id": 20,
            "thumbnail": "/img/product/blank.png",
            "name": "Pepper - Black, Crushed",
            "type": "grouped",
            "status": "draft",
            "feature": true,
            "sku": "PRDH-2279",
            "price": 92.1,
            "sale_price": 53.12,
            "on_sale": true,
            "description": "Duis bibendum, felis sed interdum venenatis, turpis enim blandit mi, in porttitor pede justo eu massa. Donec dapibus. Duis at velit eu est congue elementum.\n\nIn hac habitasse platea dictumst. Morbi vestibulum, velit id pretium iaculis, diam erat fermentum justo, nec condimentum neque sapien placerat ante. Nulla justo.\n\nAliquam quis turpis eget elit sodales scelerisque. Mauris sit amet eros. Suspendisse accumsan tortor quis turpis.",
            "dimensions": [{ "length": 4.9, "width": 4.8 }],
            "categories": [
                { "id": 1, "name": "Shoes" },
                { "id": 2, "name": "Women" },
                { "id": 3, "name": "Men" }
            ]
        },
        {
            "id": 21,
            "thumbnail": "/img/product/blank.png",
            "name": "Seedlings - Clamshell",
            "type": "variable",
            "status": "publish",
            "feature": true,
            "sku": "PRDH-9530",
            "price": 9.02,
            "sale_price": 167.06,
            "on_sale": true,
            "description": "Morbi non lectus. Aliquam sit amet diam in magna bibendum imperdiet. Nullam orci pede, venenatis non, sodales sed, tincidunt eu, felis.",
            "dimensions": [{ "length": 2.8, "width": 1.5 }],
            "categories": [
                { "id": 1, "name": "Shoes" },
                { "id": 2, "name": "Women" }
            ]
        },
        {
            "id": 22,
            "thumbnail": "/img/product/blank.png",
            "name": "Soy Protein",
            "type": "grouped",
            "status": "publish",
            "feature": true,
            "sku": "PRDH-5402",
            "price": 133.55,
            "sale_price": 81.38,
            "on_sale": false,
            "description": "Mauris enim leo, rhoncus sed, vestibulum sit amet, cursus id, turpis. Integer aliquet, massa id lobortis convallis, tortor risus dapibus augue, vel accumsan tellus nisi eu orci. Mauris lacinia sapien quis libero.",
            "dimensions": [{ "length": 4.4, "width": 1.9 }],
            "categories": [
                { "id": 1, "name": "Shoes" },
                { "id": 2, "name": "Women" },
                { "id": 3, "name": "Men" }
            ]
        },
        {
            "id": 23,
            "thumbnail": "/img/product/blank.png",
            "name": "Basil - Pesto Sauce",
            "type": "simple",
            "status": "publish",
            "feature": false,
            "sku": "PRDH-5271",
            "price": 89.65,
            "sale_price": 279.45,
            "on_sale": false,
            "description": "In sagittis dui vel nisl. Duis ac nibh. Fusce lacus purus, aliquet at, feugiat non, pretium quis, lectus.\n\nSuspendisse potenti. In eleifend quam a odio. In hac habitasse platea dictumst.",
            "dimensions": [{ "length": 4.5, "width": 3.3 }],
            "categories": [
                { "id": 1, "name": "Shoes" },
                { "id": 2, "name": "Women" },
                { "id": 3, "name": "Men" }
            ]
        },
        {
            "id": 24,
            "thumbnail": "/img/product/blank.png",
            "name": "Wine - Rhine Riesling Wolf Blass",
            "type": "variable",
            "status": "pending",
            "feature": true,
            "sku": "PRDH-3702",
            "price": 180.32,
            "sale_price": 171.28,
            "on_sale": false,
            "description": "Praesent blandit. Nam nulla. Integer pede justo, lacinia eget, tincidunt eget, tempus vel, pede.\n\nMorbi porttitor lorem id ligula. Suspendisse ornare consequat lectus. In est risus, auctor sed, tristique in, tempus sit amet, sem.\n\nFusce consequat. Nulla nisl. Nunc nisl.",
            "dimensions": [{ "length": 1.2, "width": 1.9 }],
            "categories": [
                { "id": 1, "name": "Shoes" },
                { "id": 2, "name": "Women" }
            ]
        },
        {
            "id": 25,
            "thumbnail": "/img/product/blank.png",
            "name": "Tamarind Paste",
            "type": "grouped",
            "status": "draft",
            "feature": true,
            "sku": "PRDH-9579",
            "price": 84.81,
            "sale_price": 204.84,
            "on_sale": true,
            "description": "Fusce consequat. Nulla nisl. Nunc nisl.\n\nDuis bibendum, felis sed interdum venenatis, turpis enim blandit mi, in porttitor pede justo eu massa. Donec dapibus. Duis at velit eu est congue elementum.\n\nIn hac habitasse platea dictumst. Morbi vestibulum, velit id pretium iaculis, diam erat fermentum justo, nec condimentum neque sapien placerat ante. Nulla justo.",
            "dimensions": [{ "length": 3.7, "width": 1.2 }],
            "categories": [{ "id": 1, "name": "Shoes" }]
        },
        {
            "id": 26,
            "thumbnail": "/img/product/blank.png",
            "name": "Hog / Sausage Casing - Pork",
            "type": "external",
            "status": "publish",
            "feature": false,
            "sku": "PRDH-6607",
            "price": 188.01,
            "sale_price": 218.27,
            "on_sale": false,
            "description": "Curabitur gravida nisi at nibh. In hac habitasse platea dictumst. Aliquam augue quam, sollicitudin vitae, consectetuer eget, rutrum at, lorem.\n\nInteger tincidunt ante vel ipsum. Praesent blandit lacinia erat. Vestibulum sed magna at nunc commodo placerat.",
            "dimensions": [{ "length": 4.9, "width": 3.5 }],
            "categories": [
                { "id": 1, "name": "Shoes" },
                { "id": 2, "name": "Women" },
                { "id": 3, "name": "Men" }
            ]
        },
        {
            "id": 27,
            "thumbnail": "/img/product/blank.png",
            "name": "Beans - Black Bean, Preserved",
            "type": "grouped",
            "status": "private",
            "feature": false,
            "sku": "PRDH-6617",
            "price": 223.18,
            "sale_price": 230.29,
            "on_sale": false,
            "description": "Duis bibendum. Morbi non quam nec dui luctus rutrum. Nulla tellus.",
            "dimensions": [{ "length": 3.2, "width": 2.1 }],
            "categories": [
                { "id": 1, "name": "Shoes" },
                { "id": 2, "name": "Women" },
                { "id": 3, "name": "Men" }
            ]
        },
        {
            "id": 28,
            "thumbnail": "/img/product/blank.png",
            "name": "Beans - Kidney, Red Dry",
            "type": "simple",
            "status": "draft",
            "feature": true,
            "sku": "PRDH-9680",
            "price": 187.08,
            "sale_price": 204.48,
            "on_sale": false,
            "description": "Proin interdum mauris non ligula pellentesque ultrices. Phasellus id sapien in sapien iaculis congue. Vivamus metus arcu, adipiscing molestie, hendrerit at, vulputate vitae, nisl.\n\nAenean lectus. Pellentesque eget nunc. Donec quis orci eget orci vehicula condimentum.\n\nCurabitur in libero ut massa volutpat convallis. Morbi odio odio, elementum eu, interdum eu, tincidunt in, leo. Maecenas pulvinar lobortis est.",
            "dimensions": [{ "length": 2.8, "width": 1.7 }],
            "categories": [{ "id": 1, "name": "Shoes" }]
        },
        {
            "id": 29,
            "thumbnail": "/img/product/blank.png",
            "name": "Chick Peas - Dried",
            "type": "simple",
            "status": "private",
            "feature": true,
            "sku": "PRDH-8181",
            "price": 28.83,
            "sale_price": 278.99,
            "on_sale": false,
            "description": "Maecenas leo odio, condimentum id, luctus nec, molestie sed, justo. Pellentesque viverra pede ac diam. Cras pellentesque volutpat dui.",
            "dimensions": [{ "length": 2.1, "width": 4.8 }],
            "categories": [
                { "id": 1, "name": "Shoes" },
                { "id": 2, "name": "Women" },
                { "id": 3, "name": "Men" }
            ]
        },
        {
            "id": 30,
            "thumbnail": "/img/product/blank.png",
            "name": "Cookie Double Choco",
            "type": "variable",
            "status": "publish",
            "feature": false,
            "sku": "PRDH-1631",
            "price": 166.59,
            "sale_price": 240.81,
            "on_sale": true,
            "description": "In sagittis dui vel nisl. Duis ac nibh. Fusce lacus purus, aliquet at, feugiat non, pretium quis, lectus.\n\nSuspendisse potenti. In eleifend quam a odio. In hac habitasse platea dictumst.\n\nMaecenas ut massa quis augue luctus tincidunt. Nulla mollis molestie lorem. Quisque ut erat.",
            "dimensions": [{ "length": 1.6, "width": 3.5 }],
            "categories": [
                { "id": 1, "name": "Shoes" },
                { "id": 2, "name": "Women" }
            ]
        },
        {
            "id": 31,
            "thumbnail": "/img/product/blank.png",
            "name": "Tomatoes Tear Drop",
            "type": "simple",
            "status": "publish",
            "feature": true,
            "sku": "PRDH-4496",
            "price": 93.88,
            "sale_price": 247.63,
            "on_sale": false,
            "description": "Duis consequat dui nec nisi volutpat eleifend. Donec ut dolor. Morbi vel lectus in quam fringilla rhoncus.\n\nMauris enim leo, rhoncus sed, vestibulum sit amet, cursus id, turpis. Integer aliquet, massa id lobortis convallis, tortor risus dapibus augue, vel accumsan tellus nisi eu orci. Mauris lacinia sapien quis libero.\n\nNullam sit amet turpis elementum ligula vehicula consequat. Morbi a ipsum. Integer a nibh.",
            "dimensions": [{ "length": 4.8, "width": 3.4 }],
            "categories": [{ "id": 1, "name": "Shoes" }]
        },
        {
            "id": 32,
            "thumbnail": "/img/product/blank.png",
            "name": "Tomato - Peeled Italian Canned",
            "type": "simple",
            "status": "private",
            "feature": true,
            "sku": "PRDH-9573",
            "price": 98.36,
            "sale_price": 131.26,
            "on_sale": true,
            "description": "Cras non velit nec nisi vulputate nonummy. Maecenas tincidunt lacus at velit. Vivamus vel nulla eget eros elementum pellentesque.\n\nQuisque porta volutpat erat. Quisque erat eros, viverra eget, congue eget, semper rutrum, nulla. Nunc purus.\n\nPhasellus in felis. Donec semper sapien a libero. Nam dui.",
            "dimensions": [{ "length": 3.5, "width": 1.7 }],
            "categories": [
                { "id": 1, "name": "Shoes" },
                { "id": 2, "name": "Women" },
                { "id": 3, "name": "Men" }
            ]
        },
        {
            "id": 33,
            "thumbnail": "/img/product/blank.png",
            "name": "Pear - Halves",
            "type": "external",
            "status": "publish",
            "feature": false,
            "sku": "PRDH-4537",
            "price": 252.8,
            "sale_price": 187.06,
            "on_sale": true,
            "description": "Fusce posuere felis sed lacus. Morbi sem mauris, laoreet ut, rhoncus aliquet, pulvinar sed, nisl. Nunc rhoncus dui vel sem.\n\nSed sagittis. Nam congue, risus semper porta volutpat, quam pede lobortis ligula, sit amet eleifend pede libero quis orci. Nullam molestie nibh in lectus.\n\nPellentesque at nulla. Suspendisse potenti. Cras in purus eu magna vulputate luctus.",
            "dimensions": [{ "length": 2.9, "width": 4.9 }],
            "categories": [
                { "id": 1, "name": "Shoes" },
                { "id": 2, "name": "Women" },
                { "id": 3, "name": "Men" }
            ]
        },
        {
            "id": 34,
            "thumbnail": "/img/product/blank.png",
            "name": "Chick Peas - Canned",
            "type": "simple",
            "status": "draft",
            "feature": true,
            "sku": "PRDH-7890",
            "price": 227.63,
            "sale_price": 289.56,
            "on_sale": true,
            "description": "Integer ac leo. Pellentesque ultrices mattis odio. Donec vitae nisi.\n\nNam ultrices, libero non mattis pulvinar, nulla pede ullamcorper augue, a suscipit nulla elit ac nulla. Sed vel enim sit amet nunc viverra dapibus. Nulla suscipit ligula in lacus.",
            "dimensions": [{ "length": 4.2, "width": 1.2 }],
            "categories": [
                { "id": 1, "name": "Shoes" },
                { "id": 2, "name": "Women" },
                { "id": 3, "name": "Men" }
            ]
        },
        {
            "id": 35,
            "thumbnail": "/img/product/blank.png",
            "name": "Longos - Chicken Cordon Bleu",
            "type": "simple",
            "status": "pending",
            "feature": true,
            "sku": "PRDH-370",
            "price": 243.71,
            "sale_price": 250.91,
            "on_sale": true,
            "description": "Integer ac leo. Pellentesque ultrices mattis odio. Donec vitae nisi.\n\nNam ultrices, libero non mattis pulvinar, nulla pede ullamcorper augue, a suscipit nulla elit ac nulla. Sed vel enim sit amet nunc viverra dapibus. Nulla suscipit ligula in lacus.\n\nCurabitur at ipsum ac tellus semper interdum. Mauris ullamcorper purus sit amet nulla. Quisque arcu libero, rutrum ac, lobortis vel, dapibus at, diam.",
            "dimensions": [{ "length": 2.5, "width": 1.7 }],
            "categories": [
                { "id": 1, "name": "Shoes" },
                { "id": 2, "name": "Women" },
                { "id": 3, "name": "Men" }
            ]
        },
        {
            "id": 36,
            "thumbnail": "/img/product/blank.png",
            "name": "Cheese - Brie,danish",
            "type": "grouped",
            "status": "publish",
            "feature": true,
            "sku": "PRDH-9066",
            "price": 130.23,
            "sale_price": 93.7,
            "on_sale": false,
            "description": "Duis consequat dui nec nisi volutpat eleifend. Donec ut dolor. Morbi vel lectus in quam fringilla rhoncus.\n\nMauris enim leo, rhoncus sed, vestibulum sit amet, cursus id, turpis. Integer aliquet, massa id lobortis convallis, tortor risus dapibus augue, vel accumsan tellus nisi eu orci. Mauris lacinia sapien quis libero.",
            "dimensions": [{ "length": 3.6, "width": 2.0 }],
            "categories": [
                { "id": 1, "name": "Shoes" },
                { "id": 2, "name": "Women" },
                { "id": 3, "name": "Men" }
            ]
        },
        {
            "id": 37,
            "thumbnail": "/img/product/blank.png",
            "name": "Leeks - Baby, White",
            "type": "simple",
            "status": "publish",
            "feature": true,
            "sku": "PRDH-4012",
            "price": 234.21,
            "sale_price": 274.12,
            "on_sale": true,
            "description": "Lorem ipsum dolor sit amet, consectetuer adipiscing elit. Proin risus. Praesent lectus.",
            "dimensions": [{ "length": 2.3, "width": 3.2 }],
            "categories": [
                { "id": 1, "name": "Shoes" },
                { "id": 2, "name": "Women" }
            ]
        },
        {
            "id": 38,
            "thumbnail": "/img/product/blank.png",
            "name": "Chocolate Bar - Reese Pieces",
            "type": "grouped",
            "status": "private",
            "feature": true,
            "sku": "PRDH-8305",
            "price": 126.29,
            "sale_price": 22.03,
            "on_sale": true,
            "description": "Aenean fermentum. Donec ut mauris eget massa tempor convallis. Nulla neque libero, convallis eget, eleifend luctus, ultricies eu, nibh.",
            "dimensions": [{ "length": 2.0, "width": 3.6 }],
            "categories": [
                { "id": 1, "name": "Shoes" },
                { "id": 2, "name": "Women" }
            ]
        },
        {
            "id": 39,
            "thumbnail": "/img/product/blank.png",
            "name": "Stock - Beef, White",
            "type": "variable",
            "status": "private",
            "feature": false,
            "sku": "PRDH-766",
            "price": 240.54,
            "sale_price": 44.74,
            "on_sale": true,
            "description": "Phasellus in felis. Donec semper sapien a libero. Nam dui.\n\nProin leo odio, porttitor id, consequat in, consequat ut, nulla. Sed accumsan felis. Ut at dolor quis odio consequat varius.\n\nInteger ac leo. Pellentesque ultrices mattis odio. Donec vitae nisi.",
            "dimensions": [{ "length": 1.1, "width": 1.8 }],
            "categories": [
                { "id": 1, "name": "Shoes" },
                { "id": 2, "name": "Women" }
            ]
        },
        {
            "id": 40,
            "thumbnail": "/img/product/blank.png",
            "name": "Turkey - Ground. Lean",
            "type": "variable",
            "status": "draft",
            "feature": true,
            "sku": "PRDH-3221",
            "price": 164.31,
            "sale_price": 272.78,
            "on_sale": false,
            "description": "Fusce consequat. Nulla nisl. Nunc nisl.\n\nDuis bibendum, felis sed interdum venenatis, turpis enim blandit mi, in porttitor pede justo eu massa. Donec dapibus. Duis at velit eu est congue elementum.",
            "dimensions": [{ "length": 2.6, "width": 1.6 }],
            "categories": [
                { "id": 1, "name": "Shoes" },
                { "id": 2, "name": "Women" },
                { "id": 3, "name": "Men" }
            ]
        },
        {
            "id": 41,
            "thumbnail": "/img/product/blank.png",
            "name": "Wine - Rosso Del Veronese Igt",
            "type": "grouped",
            "status": "publish",
            "feature": false,
            "sku": "PRDH-6392",
            "price": 29.13,
            "sale_price": 152.09,
            "on_sale": false,
            "description": "Sed sagittis. Nam congue, risus semper porta volutpat, quam pede lobortis ligula, sit amet eleifend pede libero quis orci. Nullam molestie nibh in lectus.\n\nPellentesque at nulla. Suspendisse potenti. Cras in purus eu magna vulputate luctus.",
            "dimensions": [{ "length": 1.8, "width": 4.4 }],
            "categories": [
                { "id": 1, "name": "Shoes" },
                { "id": 2, "name": "Women" }
            ]
        },
        {
            "id": 42,
            "thumbnail": "/img/product/blank.png",
            "name": "Wine - Clavet Saint Emilion",
            "type": "external",
            "status": "pending",
            "feature": true,
            "sku": "PRDH-8895",
            "price": 250.25,
            "sale_price": 284.6,
            "on_sale": true,
            "description": "Vestibulum ac est lacinia nisi venenatis tristique. Fusce congue, diam id ornare imperdiet, sapien urna pretium nisl, ut volutpat sapien arcu sed augue. Aliquam erat volutpat.",
            "dimensions": [{ "length": 1.6, "width": 4.4 }],
            "categories": [
                { "id": 1, "name": "Shoes" },
                { "id": 2, "name": "Women" }
            ]
        },
        {
            "id": 43,
            "thumbnail": "/img/product/blank.png",
            "name": "Vaccum Bag - 14x20",
            "type": "simple",
            "status": "publish",
            "feature": true,
            "sku": "PRDH-2116",
            "price": 62.33,
            "sale_price": 109.53,
            "on_sale": false,
            "description": "Proin interdum mauris non ligula pellentesque ultrices. Phasellus id sapien in sapien iaculis congue. Vivamus metus arcu, adipiscing molestie, hendrerit at, vulputate vitae, nisl.",
            "dimensions": [{ "length": 2.2, "width": 4.7 }],
            "categories": [
                { "id": 1, "name": "Shoes" },
                { "id": 2, "name": "Women" },
                { "id": 3, "name": "Men" }
            ]
        },
        {
            "id": 44,
            "thumbnail": "/img/product/blank.png",
            "name": "Cheese - Havarti, Salsa",
            "type": "variable",
            "status": "pending",
            "feature": true,
            "sku": "PRDH-8785",
            "price": 267.47,
            "sale_price": 231.08,
            "on_sale": false,
            "description": "Fusce posuere felis sed lacus. Morbi sem mauris, laoreet ut, rhoncus aliquet, pulvinar sed, nisl. Nunc rhoncus dui vel sem.",
            "dimensions": [{ "length": 2.7, "width": 2.0 }],
            "categories": [{ "id": 1, "name": "Shoes" }]
        },
        {
            "id": 45,
            "thumbnail": "/img/product/blank.png",
            "name": "Spice - Onion Powder Granulated",
            "type": "grouped",
            "status": "pending",
            "feature": false,
            "sku": "PRDH-1389",
            "price": 47.82,
            "sale_price": 139.77,
            "on_sale": false,
            "description": "Duis aliquam convallis nunc. Proin at turpis a pede posuere nonummy. Integer non velit.",
            "dimensions": [{ "length": 1.2, "width": 4.6 }],
            "categories": [{ "id": 1, "name": "Shoes" }]
        },
        {
            "id": 46,
            "thumbnail": "/img/product/blank.png",
            "name": "Lobster - Base",
            "type": "simple",
            "status": "pending",
            "feature": false,
            "sku": "PRDH-2209",
            "price": 93.17,
            "sale_price": 210.15,
            "on_sale": false,
            "description": "Cum sociis natoque penatibus et magnis dis parturient montes, nascetur ridiculus mus. Vivamus vestibulum sagittis sapien. Cum sociis natoque penatibus et magnis dis parturient montes, nascetur ridiculus mus.",
            "dimensions": [{ "length": 4.5, "width": 4.8 }],
            "categories": [{ "id": 1, "name": "Shoes" }]
        },
        {
            "id": 47,
            "thumbnail": "/img/product/blank.png",
            "name": "Chips Potato Reg 43g",
            "type": "simple",
            "status": "private",
            "feature": false,
            "sku": "PRDH-1116",
            "price": 162.53,
            "sale_price": 199.65,
            "on_sale": false,
            "description": "Morbi non lectus. Aliquam sit amet diam in magna bibendum imperdiet. Nullam orci pede, venenatis non, sodales sed, tincidunt eu, felis.",
            "dimensions": [{ "length": 3.2, "width": 3.1 }],
            "categories": [
                { "id": 1, "name": "Shoes" },
                { "id": 2, "name": "Women" }
            ]
        },
        {
            "id": 48,
            "thumbnail": "/img/product/blank.png",
            "name": "Lidsoupcont Rp12dn",
            "type": "external",
            "status": "private",
            "feature": false,
            "sku": "PRDH-6959",
            "price": 208.07,
            "sale_price": 125.33,
            "on_sale": false,
            "description": "Fusce consequat. Nulla nisl. Nunc nisl.\n\nDuis bibendum, felis sed interdum venenatis, turpis enim blandit mi, in porttitor pede justo eu massa. Donec dapibus. Duis at velit eu est congue elementum.",
            "dimensions": [{ "length": 2.7, "width": 3.9 }],
            "categories": [
                { "id": 1, "name": "Shoes" },
                { "id": 2, "name": "Women" }
            ]
        },
        {
            "id": 49,
            "thumbnail": "/img/product/blank.png",
            "name": "Mince Meat - Filling",
            "type": "grouped",
            "status": "draft",
            "feature": true,
            "sku": "PRDH-4869",
            "price": 286.9,
            "sale_price": 245.15,
            "on_sale": false,
            "description": "Aenean fermentum. Donec ut mauris eget massa tempor convallis. Nulla neque libero, convallis eget, eleifend luctus, ultricies eu, nibh.",
            "dimensions": [{ "length": 2.8, "width": 4.2 }],
            "categories": [
                { "id": 1, "name": "Shoes" },
                { "id": 2, "name": "Women" },
                { "id": 3, "name": "Men" }
            ]
        },
        {
            "id": 50,
            "thumbnail": "/img/product/blank.png",
            "name": "Gatorade - Lemon Lime",
            "type": "simple",
            "status": "draft",
            "feature": false,
            "sku": "PRDH-1814",
            "price": 101.98,
            "sale_price": 212.07,
            "on_sale": true,
            "description": "Integer tincidunt ante vel ipsum. Praesent blandit lacinia erat. Vestibulum sed magna at nunc commodo placerat.\n\nPraesent blandit. Nam nulla. Integer pede justo, lacinia eget, tincidunt eget, tempus vel, pede.\n\nMorbi porttitor lorem id ligula. Suspendisse ornare consequat lectus. In est risus, auctor sed, tristique in, tempus sit amet, sem.",
            "dimensions": [{ "length": 3.1, "width": 1.7 }],
            "categories": [
                { "id": 1, "name": "Shoes" },
                { "id": 2, "name": "Women" },
                { "id": 3, "name": "Men" }
            ]
        }
    ]
}
